function_name|generated_rows|execution_time_seconds|cpu_name|cpu_count|run_number|date_ran
single_parser|1000000|4.575166349997744|AMD Ryzen 5 2500U with Radeon Vega Mobile Gfx|1|1|2025-08-28
mp_parser|1000000|5.922644289006712|AMD Ryzen 5 2500U with Radeon Vega Mobile Gfx|1|1|2025-08-28
mp_parser|1000000|3.554500205005752|AMD Ryzen 5 2500U with Radeon Vega Mobile Gfx|2|1|2025-08-28
mp_parser|1000000|2.820607157977065|AMD Ryzen 5 2500U with Radeon Vega Mobile Gfx|3|1|2025-08-28
mp_parser|1000000|2.778859426995041|AMD Ryzen 5 2500U with Radeon Vega Mobile Gfx|4|1|2025-08-28
mp_parser|1000000|2.9594618669943884|AMD Ryzen 5 2500U with Radeon Vega Mobile Gfx|5|1|2025-08-28
mp_parser|1000000|2.683973147009965|AMD Ryzen 5 2500U with Radeon Vega Mobile Gfx|6|1|2025-08-28
mp_parser|1000000|2.775806700985413|AMD Ryzen 5 2500U with Radeon Vega Mobile Gfx|7|1|2025-08-28
mp_parser|1000000|2.60783310001716|AMD Ryzen 5 2500U with Radeon Vega Mobile Gfx|8|1|2025-08-28
single_parser|1000000|5.210520656983135|AMD Ryzen 5 2500U with Radeon Vega Mobile Gfx|1|2|2025-08-28
mp_parser|1000000|5.758871197002009|AMD Ryzen 5 2500U with Radeon Vega Mobile Gfx|1|2|2025-08-28
mp_parser|1000000|3.44175573400571|AMD Ryzen 5 2500U with Radeon Vega Mobile Gfx|2|2|2025-08-28
mp_parser|1000000|3.0018288870051038|AMD Ryzen 5 2500U with Radeon Vega Mobile Gfx|3|2|2025-08-28
mp_parser|1000000|2.927354990999447|AMD Ryzen 5 2500U with Radeon Vega Mobile Gfx|4|2|2025-08-28
mp_parser|1000000|2.6233865739777684|AMD Ryzen 5 2500U with Radeon Vega Mobile Gfx|5|2|2025-08-28
mp_parser|1000000|2.7518163790227845|AMD Ryzen 5 2500U with Radeon Vega Mobile Gfx|6|2|2025-08-28
mp_parser|1000000|2.453236763976747|AMD Ryzen 5 2500U with Radeon Vega Mobile Gfx|7|2|2025-08-28
mp_parser|1000000|2.5212532030127477|AMD Ryzen 5 2500U with Radeon Vega Mobile Gfx|8|2|2025-08-28
single_parser|1000000|5.205871690995991|AMD Ryzen 5 2500U with Radeon Vega Mobile Gfx|1|3|2025-08-28
mp_parser|1000000|5.700920392002445|AMD Ryzen 5 2500U with Radeon Vega Mobile Gfx|1|3|2025-08-28
mp_parser|1000000|3.4743271289917175|AMD Ryzen 5 2500U with Radeon Vega Mobile Gfx|2|3|2025-08-28
mp_parser|1000000|2.8523362570267636|AMD Ryzen 5 2500U with Radeon Vega Mobile Gfx|3|3|2025-08-28
mp_parser|1000000|2.7540360990096815|AMD Ryzen 5 2500U with Radeon Vega Mobile Gfx|4|3|2025-08-28
mp_parser|1000000|2.7259344549966045|AMD Ryzen 5 2500U with Radeon Vega Mobile Gfx|5|3|2025-08-28
mp_parser|1000000|2.552716274978593|AMD Ryzen 5 2500U with Radeon Vega Mobile Gfx|6|3|2025-08-28
mp_parser|1000000|2.416329853993375|AMD Ryzen 5 2500U with Radeon Vega Mobile Gfx|7|3|2025-08-28
mp_parser|1000000|2.4346895109920297|AMD Ryzen 5 2500U with Radeon Vega Mobile Gfx|8|3|2025-08-28
single_parser|1000000|5.363837696000701|AMD Ryzen 5 2500U with Radeon Vega Mobile Gfx|1|4|2025-08-28
mp_parser|1000000|5.7707659949956|AMD Ryzen 5 2500U with Radeon Vega Mobile Gfx|1|4|2025-08-28
mp_parser|1000000|3.4744492819882|AMD Ryzen 5 2500U with Radeon Vega Mobile Gfx|2|4|2025-08-28
mp_parser|1000000|2.979330949980067|AMD Ryzen 5 2500U with Radeon Vega Mobile Gfx|3|4|2025-08-28
mp_parser|1000000|3.06285099600791|AMD Ryzen 5 2500U with Radeon Vega Mobile Gfx|4|4|2025-08-28
mp_parser|1000000|2.890266142989276|AMD Ryzen 5 2500U with Radeon Vega Mobile Gfx|5|4|2025-08-28
mp_parser|1000000|2.528537728008814|AMD Ryzen 5 2500U with Radeon Vega Mobile Gfx|6|4|2025-08-28
mp_parser|1000000|2.4064750020042993|AMD Ryzen 5 2500U with Radeon Vega Mobile Gfx|7|4|2025-08-28
mp_parser|1000000|2.6998581610096153|AMD Ryzen 5 2500U with Radeon Vega Mobile Gfx|8|4|2025-08-28
single_parser|1000000|4.915518000983866|AMD Ryzen 5 2500U with Radeon Vega Mobile Gfx|1|5|2025-08-28
mp_parser|1000000|5.780537386017386|AMD Ryzen 5 2500U with Radeon Vega Mobile Gfx|1|5|2025-08-28
mp_parser|1000000|3.441761530993972|AMD Ryzen 5 2500U with Radeon Vega Mobile Gfx|2|5|2025-08-28
mp_parser|1000000|3.0646001900022384|AMD Ryzen 5 2500U with Radeon Vega Mobile Gfx|3|5|2025-08-28
mp_parser|1000000|2.8136286810040474|AMD Ryzen 5 2500U with Radeon Vega Mobile Gfx|4|5|2025-08-28
mp_parser|1000000|2.463027569989208|AMD Ryzen 5 2500U with Radeon Vega Mobile Gfx|5|5|2025-08-28
mp_parser|1000000|2.491258141992148|AMD Ryzen 5 2500U with Radeon Vega Mobile Gfx|6|5|2025-08-28
mp_parser|1000000|2.5482164220011327|AMD Ryzen 5 2500U with Radeon Vega Mobile Gfx|7|5|2025-08-28
mp_parser|1000000|2.384806928021135|AMD Ryzen 5 2500U with Radeon Vega Mobile Gfx|8|5|2025-08-28
single_parser|1000000|4.792860570014454|AMD Ryzen 5 2500U with Radeon Vega Mobile Gfx|1|6|2025-08-28
mp_parser|1000000|5.866930804011645|AMD Ryzen 5 2500U with Radeon Vega Mobile Gfx|1|6|2025-08-28
mp_parser|1000000|3.4922272249823436|AMD Ryzen 5 2500U with Radeon Vega Mobile Gfx|2|6|2025-08-28
mp_parser|1000000|2.916869606007822|AMD Ryzen 5 2500U with Radeon Vega Mobile Gfx|3|6|2025-08-28
mp_parser|1000000|2.7655823859968223|AMD Ryzen 5 2500U with Radeon Vega Mobile Gfx|4|6|2025-08-28
mp_parser|1000000|2.573338465008419|AMD Ryzen 5 2500U with Radeon Vega Mobile Gfx|5|6|2025-08-28
mp_parser|1000000|2.477870050992351|AMD Ryzen 5 2500U with Radeon Vega Mobile Gfx|6|6|2025-08-28
mp_parser|1000000|2.6626040670089424|AMD Ryzen 5 2500U with Radeon Vega Mobile Gfx|7|6|2025-08-28
mp_parser|1000000|2.5930634629912674|AMD Ryzen 5 2500U with Radeon Vega Mobile Gfx|8|6|2025-08-28
single_parser|1000000|4.856519983994076|AMD Ryzen 5 2500U with Radeon Vega Mobile Gfx|1|7|2025-08-28
mp_parser|1000000|5.843855271989014|AMD Ryzen 5 2500U with Radeon Vega Mobile Gfx|1|7|2025-08-28
mp_parser|1000000|3.5386425689794123|AMD Ryzen 5 2500U with Radeon Vega Mobile Gfx|2|7|2025-08-28
mp_parser|1000000|2.822383380989777|AMD Ryzen 5 2500U with Radeon Vega Mobile Gfx|3|7|2025-08-28
mp_parser|1000000|2.7127827089861967|AMD Ryzen 5 2500U with Radeon Vega Mobile Gfx|4|7|2025-08-28
mp_parser|1000000|2.8767912390176207|AMD Ryzen 5 2500U with Radeon Vega Mobile Gfx|5|7|2025-08-28
mp_parser|1000000|2.4802666119940113|AMD Ryzen 5 2500U with Radeon Vega Mobile Gfx|6|7|2025-08-28
mp_parser|1000000|2.527302571979817|AMD Ryzen 5 2500U with Radeon Vega Mobile Gfx|7|7|2025-08-28
mp_parser|1000000|2.495650019001914|AMD Ryzen 5 2500U with Radeon Vega Mobile Gfx|8|7|2025-08-28
single_parser|1000000|4.841728697007056|AMD Ryzen 5 2500U with Radeon Vega Mobile Gfx|1|8|2025-08-28
mp_parser|1000000|5.696648991986876|AMD Ryzen 5 2500U with Radeon Vega Mobile Gfx|1|8|2025-08-28
mp_parser|1000000|3.5690312600054312|AMD Ryzen 5 2500U with Radeon Vega Mobile Gfx|2|8|2025-08-28
mp_parser|1000000|3.1451978349941783|AMD Ryzen 5 2500U with Radeon Vega Mobile Gfx|3|8|2025-08-28
mp_parser|1000000|2.68448432101286|AMD Ryzen 5 2500U with Radeon Vega Mobile Gfx|4|8|2025-08-28
mp_parser|1000000|2.5367980860173702|AMD Ryzen 5 2500U with Radeon Vega Mobile Gfx|5|8|2025-08-28
mp_parser|1000000|2.506385718996171|AMD Ryzen 5 2500U with Radeon Vega Mobile Gfx|6|8|2025-08-28
mp_parser|1000000|2.6366612399870064|AMD Ryzen 5 2500U with Radeon Vega Mobile Gfx|7|8|2025-08-28
mp_parser|1000000|2.4664957860077266|AMD Ryzen 5 2500U with Radeon Vega Mobile Gfx|8|8|2025-08-28
single_parser|1000000|5.33604182099225|AMD Ryzen 5 2500U with Radeon Vega Mobile Gfx|1|9|2025-08-28
mp_parser|1000000|5.692770523979561|AMD Ryzen 5 2500U with Radeon Vega Mobile Gfx|1|9|2025-08-28
mp_parser|1000000|3.552528564003296|AMD Ryzen 5 2500U with Radeon Vega Mobile Gfx|2|9|2025-08-28
mp_parser|1000000|3.054110683995532|AMD Ryzen 5 2500U with Radeon Vega Mobile Gfx|3|9|2025-08-28
mp_parser|1000000|2.747644503979245|AMD Ryzen 5 2500U with Radeon Vega Mobile Gfx|4|9|2025-08-28
mp_parser|1000000|2.9364250280195847|AMD Ryzen 5 2500U with Radeon Vega Mobile Gfx|5|9|2025-08-28
mp_parser|1000000|2.910310949984705|AMD Ryzen 5 2500U with Radeon Vega Mobile Gfx|6|9|2025-08-28
mp_parser|1000000|2.5659871700045187|AMD Ryzen 5 2500U with Radeon Vega Mobile Gfx|7|9|2025-08-28
mp_parser|1000000|2.5364876390085556|AMD Ryzen 5 2500U with Radeon Vega Mobile Gfx|8|9|2025-08-28
single_parser|1000000|4.798062335001305|AMD Ryzen 5 2500U with Radeon Vega Mobile Gfx|1|10|2025-08-28
mp_parser|1000000|5.780698440998094|AMD Ryzen 5 2500U with Radeon Vega Mobile Gfx|1|10|2025-08-28
mp_parser|1000000|3.605077435990097|AMD Ryzen 5 2500U with Radeon Vega Mobile Gfx|2|10|2025-08-28
mp_parser|1000000|2.912125795002794|AMD Ryzen 5 2500U with Radeon Vega Mobile Gfx|3|10|2025-08-28
mp_parser|1000000|2.6563381879823282|AMD Ryzen 5 2500U with Radeon Vega Mobile Gfx|4|10|2025-08-28
mp_parser|1000000|2.7229007259884384|AMD Ryzen 5 2500U with Radeon Vega Mobile Gfx|5|10|2025-08-28
mp_parser|1000000|2.5321299839997664|AMD Ryzen 5 2500U with Radeon Vega Mobile Gfx|6|10|2025-08-28
mp_parser|1000000|2.6367605560226366|AMD Ryzen 5 2500U with Radeon Vega Mobile Gfx|7|10|2025-08-28
mp_parser|1000000|2.551548935996834|AMD Ryzen 5 2500U with Radeon Vega Mobile Gfx|8|10|2025-08-28
single_parser|1000000|4.911810157995205|AMD Ryzen 5 2500U with Radeon Vega Mobile Gfx|1|11|2025-08-28
mp_parser|1000000|5.798013121995609|AMD Ryzen 5 2500U with Radeon Vega Mobile Gfx|1|11|2025-08-28
mp_parser|1000000|3.543516775011085|AMD Ryzen 5 2500U with Radeon Vega Mobile Gfx|2|11|2025-08-28
mp_parser|1000000|2.866360470012296|AMD Ryzen 5 2500U with Radeon Vega Mobile Gfx|3|11|2025-08-28
mp_parser|1000000|2.667959624028299|AMD Ryzen 5 2500U with Radeon Vega Mobile Gfx|4|11|2025-08-28
mp_parser|1000000|2.40751068998361|AMD Ryzen 5 2500U with Radeon Vega Mobile Gfx|5|11|2025-08-28
mp_parser|1000000|2.418142184993485|AMD Ryzen 5 2500U with Radeon Vega Mobile Gfx|6|11|2025-08-28
mp_parser|1000000|2.5833554200071376|AMD Ryzen 5 2500U with Radeon Vega Mobile Gfx|7|11|2025-08-28
mp_parser|1000000|2.5651753270067275|AMD Ryzen 5 2500U with Radeon Vega Mobile Gfx|8|11|2025-08-28
single_parser|1000000|5.226196564006386|AMD Ryzen 5 2500U with Radeon Vega Mobile Gfx|1|12|2025-08-28
mp_parser|1000000|5.767381031007972|AMD Ryzen 5 2500U with Radeon Vega Mobile Gfx|1|12|2025-08-28
mp_parser|1000000|3.4952573910122737|AMD Ryzen 5 2500U with Radeon Vega Mobile Gfx|2|12|2025-08-28
mp_parser|1000000|2.8271517760003917|AMD Ryzen 5 2500U with Radeon Vega Mobile Gfx|3|12|2025-08-28
mp_parser|1000000|2.717015975009417|AMD Ryzen 5 2500U with Radeon Vega Mobile Gfx|4|12|2025-08-28
mp_parser|1000000|2.5483713309804443|AMD Ryzen 5 2500U with Radeon Vega Mobile Gfx|5|12|2025-08-28
mp_parser|1000000|2.6939620960038155|AMD Ryzen 5 2500U with Radeon Vega Mobile Gfx|6|12|2025-08-28
mp_parser|1000000|2.5204336770111695|AMD Ryzen 5 2500U with Radeon Vega Mobile Gfx|7|12|2025-08-28
mp_parser|1000000|2.5429058430017903|AMD Ryzen 5 2500U with Radeon Vega Mobile Gfx|8|12|2025-08-28
single_parser|1000000|4.836552004999248|AMD Ryzen 5 2500U with Radeon Vega Mobile Gfx|1|13|2025-08-28
mp_parser|1000000|5.718627374997595|AMD Ryzen 5 2500U with Radeon Vega Mobile Gfx|1|13|2025-08-28
mp_parser|1000000|3.563995090982644|AMD Ryzen 5 2500U with Radeon Vega Mobile Gfx|2|13|2025-08-28
mp_parser|1000000|2.873579412989784|AMD Ryzen 5 2500U with Radeon Vega Mobile Gfx|3|13|2025-08-28
mp_parser|1000000|3.0451693659997545|AMD Ryzen 5 2500U with Radeon Vega Mobile Gfx|4|13|2025-08-28
mp_parser|1000000|2.6602899900171906|AMD Ryzen 5 2500U with Radeon Vega Mobile Gfx|5|13|2025-08-28
mp_parser|1000000|2.770050320017617|AMD Ryzen 5 2500U with Radeon Vega Mobile Gfx|6|13|2025-08-28
mp_parser|1000000|2.56819809100125|AMD Ryzen 5 2500U with Radeon Vega Mobile Gfx|7|13|2025-08-28
mp_parser|1000000|2.4693309539870825|AMD Ryzen 5 2500U with Radeon Vega Mobile Gfx|8|13|2025-08-28
single_parser|1000000|5.31906245299615|AMD Ryzen 5 2500U with Radeon Vega Mobile Gfx|1|14|2025-08-28
mp_parser|1000000|5.768660536996322|AMD Ryzen 5 2500U with Radeon Vega Mobile Gfx|1|14|2025-08-28
mp_parser|1000000|3.5228411569842137|AMD Ryzen 5 2500U with Radeon Vega Mobile Gfx|2|14|2025-08-28
mp_parser|1000000|2.8354953859816305|AMD Ryzen 5 2500U with Radeon Vega Mobile Gfx|3|14|2025-08-28
mp_parser|1000000|3.0720230720180552|AMD Ryzen 5 2500U with Radeon Vega Mobile Gfx|4|14|2025-08-28
mp_parser|1000000|2.883818047004752|AMD Ryzen 5 2500U with Radeon Vega Mobile Gfx|5|14|2025-08-28
mp_parser|1000000|2.7397501889790874|AMD Ryzen 5 2500U with Radeon Vega Mobile Gfx|6|14|2025-08-28
mp_parser|1000000|2.6005700170062482|AMD Ryzen 5 2500U with Radeon Vega Mobile Gfx|7|14|2025-08-28
mp_parser|1000000|2.445813392987475|AMD Ryzen 5 2500U with Radeon Vega Mobile Gfx|8|14|2025-08-28
single_parser|1000000|4.796143215993652|AMD Ryzen 5 2500U with Radeon Vega Mobile Gfx|1|15|2025-08-28
mp_parser|1000000|5.691182245995151|AMD Ryzen 5 2500U with Radeon Vega Mobile Gfx|1|15|2025-08-28
mp_parser|1000000|3.448850359010976|AMD Ryzen 5 2500U with Radeon Vega Mobile Gfx|2|15|2025-08-28
mp_parser|1000000|2.924939224991249|AMD Ryzen 5 2500U with Radeon Vega Mobile Gfx|3|15|2025-08-28
mp_parser|1000000|3.072855449980125|AMD Ryzen 5 2500U with Radeon Vega Mobile Gfx|4|15|2025-08-28
mp_parser|1000000|2.7517388539854437|AMD Ryzen 5 2500U with Radeon Vega Mobile Gfx|5|15|2025-08-28
mp_parser|1000000|2.4506904619920533|AMD Ryzen 5 2500U with Radeon Vega Mobile Gfx|6|15|2025-08-28
mp_parser|1000000|2.51661590198637|AMD Ryzen 5 2500U with Radeon Vega Mobile Gfx|7|15|2025-08-28
mp_parser|1000000|2.484079916990595|AMD Ryzen 5 2500U with Radeon Vega Mobile Gfx|8|15|2025-08-28
single_parser|1000000|5.213905971002532|AMD Ryzen 5 2500U with Radeon Vega Mobile Gfx|1|16|2025-08-28
mp_parser|1000000|5.74887184202089|AMD Ryzen 5 2500U with Radeon Vega Mobile Gfx|1|16|2025-08-28
mp_parser|1000000|3.5110509819933213|AMD Ryzen 5 2500U with Radeon Vega Mobile Gfx|2|16|2025-08-28
mp_parser|1000000|2.8758430629968643|AMD Ryzen 5 2500U with Radeon Vega Mobile Gfx|3|16|2025-08-28
mp_parser|1000000|2.7128065960132517|AMD Ryzen 5 2500U with Radeon Vega Mobile Gfx|4|16|2025-08-28
mp_parser|1000000|2.474680504994467|AMD Ryzen 5 2500U with Radeon Vega Mobile Gfx|5|16|2025-08-28
mp_parser|1000000|2.516342261020327|AMD Ryzen 5 2500U with Radeon Vega Mobile Gfx|6|16|2025-08-28
mp_parser|1000000|2.597508700011531|AMD Ryzen 5 2500U with Radeon Vega Mobile Gfx|7|16|2025-08-28
mp_parser|1000000|2.5480837220093235|AMD Ryzen 5 2500U with Radeon Vega Mobile Gfx|8|16|2025-08-28
single_parser|1000000|4.914343049022136|AMD Ryzen 5 2500U with Radeon Vega Mobile Gfx|1|17|2025-08-28
mp_parser|1000000|5.780264372995589|AMD Ryzen 5 2500U with Radeon Vega Mobile Gfx|1|17|2025-08-28
mp_parser|1000000|3.4411033400101587|AMD Ryzen 5 2500U with Radeon Vega Mobile Gfx|2|17|2025-08-28
mp_parser|1000000|3.019855632999679|AMD Ryzen 5 2500U with Radeon Vega Mobile Gfx|3|17|2025-08-28
mp_parser|1000000|2.7776250099996105|AMD Ryzen 5 2500U with Radeon Vega Mobile Gfx|4|17|2025-08-28
mp_parser|1000000|2.668884931015782|AMD Ryzen 5 2500U with Radeon Vega Mobile Gfx|5|17|2025-08-28
mp_parser|1000000|2.5276083780045155|AMD Ryzen 5 2500U with Radeon Vega Mobile Gfx|6|17|2025-08-28
mp_parser|1000000|2.5799486330070067|AMD Ryzen 5 2500U with Radeon Vega Mobile Gfx|7|17|2025-08-28
mp_parser|1000000|2.4958808140072506|AMD Ryzen 5 2500U with Radeon Vega Mobile Gfx|8|17|2025-08-28
single_parser|1000000|5.311576161999255|AMD Ryzen 5 2500U with Radeon Vega Mobile Gfx|1|18|2025-08-28
mp_parser|1000000|5.850063827005215|AMD Ryzen 5 2500U with Radeon Vega Mobile Gfx|1|18|2025-08-28
mp_parser|1000000|3.5017708420054987|AMD Ryzen 5 2500U with Radeon Vega Mobile Gfx|2|18|2025-08-28
mp_parser|1000000|2.839394918992184|AMD Ryzen 5 2500U with Radeon Vega Mobile Gfx|3|18|2025-08-28
mp_parser|1000000|2.7914672140032053|AMD Ryzen 5 2500U with Radeon Vega Mobile Gfx|4|18|2025-08-28
mp_parser|1000000|2.6672815670026466|AMD Ryzen 5 2500U with Radeon Vega Mobile Gfx|5|18|2025-08-28
mp_parser|1000000|2.760540948016569|AMD Ryzen 5 2500U with Radeon Vega Mobile Gfx|6|18|2025-08-28
mp_parser|1000000|2.6941090830077883|AMD Ryzen 5 2500U with Radeon Vega Mobile Gfx|7|18|2025-08-28
mp_parser|1000000|2.4608728400198743|AMD Ryzen 5 2500U with Radeon Vega Mobile Gfx|8|18|2025-08-28
single_parser|1000000|5.213582538999617|AMD Ryzen 5 2500U with Radeon Vega Mobile Gfx|1|19|2025-08-28
mp_parser|1000000|5.703721001977101|AMD Ryzen 5 2500U with Radeon Vega Mobile Gfx|1|19|2025-08-28
mp_parser|1000000|3.495479400997283|AMD Ryzen 5 2500U with Radeon Vega Mobile Gfx|2|19|2025-08-28
mp_parser|1000000|2.909001663007075|AMD Ryzen 5 2500U with Radeon Vega Mobile Gfx|3|19|2025-08-28
mp_parser|1000000|2.6371125979931094|AMD Ryzen 5 2500U with Radeon Vega Mobile Gfx|4|19|2025-08-28
mp_parser|1000000|2.9331907560117543|AMD Ryzen 5 2500U with Radeon Vega Mobile Gfx|5|19|2025-08-28
mp_parser|1000000|3.38123975097551|AMD Ryzen 5 2500U with Radeon Vega Mobile Gfx|6|19|2025-08-28
mp_parser|1000000|2.9406949339900166|AMD Ryzen 5 2500U with Radeon Vega Mobile Gfx|7|19|2025-08-28
mp_parser|1000000|2.5318113319808617|AMD Ryzen 5 2500U with Radeon Vega Mobile Gfx|8|19|2025-08-28
single_parser|1000000|5.250856119993841|AMD Ryzen 5 2500U with Radeon Vega Mobile Gfx|1|20|2025-08-28
mp_parser|1000000|5.759165247000055|AMD Ryzen 5 2500U with Radeon Vega Mobile Gfx|1|20|2025-08-28
mp_parser|1000000|3.549729557009414|AMD Ryzen 5 2500U with Radeon Vega Mobile Gfx|2|20|2025-08-28
mp_parser|1000000|2.8324874009995256|AMD Ryzen 5 2500U with Radeon Vega Mobile Gfx|3|20|2025-08-28
mp_parser|1000000|2.773817990004318|AMD Ryzen 5 2500U with Radeon Vega Mobile Gfx|4|20|2025-08-28
mp_parser|1000000|2.6145058469846845|AMD Ryzen 5 2500U with Radeon Vega Mobile Gfx|5|20|2025-08-28
mp_parser|1000000|2.528973299980862|AMD Ryzen 5 2500U with Radeon Vega Mobile Gfx|6|20|2025-08-28
mp_parser|1000000|2.678124892991036|AMD Ryzen 5 2500U with Radeon Vega Mobile Gfx|7|20|2025-08-28
mp_parser|1000000|2.4973218649975024|AMD Ryzen 5 2500U with Radeon Vega Mobile Gfx|8|20|2025-08-28
single_parser|1000000|4.843700689001707|AMD Ryzen 5 2500U with Radeon Vega Mobile Gfx|1|21|2025-08-28
mp_parser|1000000|5.818089510983555|AMD Ryzen 5 2500U with Radeon Vega Mobile Gfx|1|21|2025-08-28
mp_parser|1000000|3.5095099690079223|AMD Ryzen 5 2500U with Radeon Vega Mobile Gfx|2|21|2025-08-28
mp_parser|1000000|2.9166489480121527|AMD Ryzen 5 2500U with Radeon Vega Mobile Gfx|3|21|2025-08-28
mp_parser|1000000|2.527466038998682|AMD Ryzen 5 2500U with Radeon Vega Mobile Gfx|4|21|2025-08-28
mp_parser|1000000|2.748540269996738|AMD Ryzen 5 2500U with Radeon Vega Mobile Gfx|5|21|2025-08-28
mp_parser|1000000|2.682002943009138|AMD Ryzen 5 2500U with Radeon Vega Mobile Gfx|6|21|2025-08-28
mp_parser|1000000|2.482577721006237|AMD Ryzen 5 2500U with Radeon Vega Mobile Gfx|7|21|2025-08-28
mp_parser|1000000|2.4929775500204414|AMD Ryzen 5 2500U with Radeon Vega Mobile Gfx|8|21|2025-08-28
single_parser|1000000|4.850018181023188|AMD Ryzen 5 2500U with Radeon Vega Mobile Gfx|1|22|2025-08-28
mp_parser|1000000|5.900071637996007|AMD Ryzen 5 2500U with Radeon Vega Mobile Gfx|1|22|2025-08-28
mp_parser|1000000|3.408996375015704|AMD Ryzen 5 2500U with Radeon Vega Mobile Gfx|2|22|2025-08-28
mp_parser|1000000|3.017145571007859|AMD Ryzen 5 2500U with Radeon Vega Mobile Gfx|3|22|2025-08-28
mp_parser|1000000|3.0142874950252008|AMD Ryzen 5 2500U with Radeon Vega Mobile Gfx|4|22|2025-08-28
mp_parser|1000000|2.615743378002662|AMD Ryzen 5 2500U with Radeon Vega Mobile Gfx|5|22|2025-08-28
mp_parser|1000000|2.520128643984208|AMD Ryzen 5 2500U with Radeon Vega Mobile Gfx|6|22|2025-08-28
mp_parser|1000000|2.548655487014912|AMD Ryzen 5 2500U with Radeon Vega Mobile Gfx|7|22|2025-08-28
mp_parser|1000000|2.4504443750192877|AMD Ryzen 5 2500U with Radeon Vega Mobile Gfx|8|22|2025-08-28
single_parser|1000000|4.96049697700073|AMD Ryzen 5 2500U with Radeon Vega Mobile Gfx|1|23|2025-08-28
mp_parser|1000000|5.8026906680024695|AMD Ryzen 5 2500U with Radeon Vega Mobile Gfx|1|23|2025-08-28
mp_parser|1000000|3.5090599069953896|AMD Ryzen 5 2500U with Radeon Vega Mobile Gfx|2|23|2025-08-28
mp_parser|1000000|2.831319502001861|AMD Ryzen 5 2500U with Radeon Vega Mobile Gfx|3|23|2025-08-28
mp_parser|1000000|2.6048614289902616|AMD Ryzen 5 2500U with Radeon Vega Mobile Gfx|4|23|2025-08-28
mp_parser|1000000|2.737396971991984|AMD Ryzen 5 2500U with Radeon Vega Mobile Gfx|5|23|2025-08-28
mp_parser|1000000|2.4455159710196313|AMD Ryzen 5 2500U with Radeon Vega Mobile Gfx|6|23|2025-08-28
mp_parser|1000000|2.546425359993009|AMD Ryzen 5 2500U with Radeon Vega Mobile Gfx|7|23|2025-08-28
mp_parser|1000000|2.4294117930112407|AMD Ryzen 5 2500U with Radeon Vega Mobile Gfx|8|23|2025-08-28
single_parser|1000000|5.191162336006528|AMD Ryzen 5 2500U with Radeon Vega Mobile Gfx|1|24|2025-08-28
mp_parser|1000000|5.709050088975346|AMD Ryzen 5 2500U with Radeon Vega Mobile Gfx|1|24|2025-08-28
mp_parser|1000000|3.556278714997461|AMD Ryzen 5 2500U with Radeon Vega Mobile Gfx|2|24|2025-08-28
mp_parser|1000000|3.164179832005175|AMD Ryzen 5 2500U with Radeon Vega Mobile Gfx|3|24|2025-08-28
mp_parser|1000000|2.882962523988681|AMD Ryzen 5 2500U with Radeon Vega Mobile Gfx|4|24|2025-08-28
mp_parser|1000000|2.5614823270007037|AMD Ryzen 5 2500U with Radeon Vega Mobile Gfx|5|24|2025-08-28
mp_parser|1000000|2.6001357070053928|AMD Ryzen 5 2500U with Radeon Vega Mobile Gfx|6|24|2025-08-28
mp_parser|1000000|2.558358641981613|AMD Ryzen 5 2500U with Radeon Vega Mobile Gfx|7|24|2025-08-28
mp_parser|1000000|2.5639644440088887|AMD Ryzen 5 2500U with Radeon Vega Mobile Gfx|8|24|2025-08-28
single_parser|1000000|4.864021300978493|AMD Ryzen 5 2500U with Radeon Vega Mobile Gfx|1|25|2025-08-28
mp_parser|1000000|5.897455354017438|AMD Ryzen 5 2500U with Radeon Vega Mobile Gfx|1|25|2025-08-28
mp_parser|1000000|3.52541754199774|AMD Ryzen 5 2500U with Radeon Vega Mobile Gfx|2|25|2025-08-28
mp_parser|1000000|3.407618041994283|AMD Ryzen 5 2500U with Radeon Vega Mobile Gfx|3|25|2025-08-28
mp_parser|1000000|2.9633725759922527|AMD Ryzen 5 2500U with Radeon Vega Mobile Gfx|4|25|2025-08-28
mp_parser|1000000|2.764372971985722|AMD Ryzen 5 2500U with Radeon Vega Mobile Gfx|5|25|2025-08-28
mp_parser|1000000|2.5327115959953517|AMD Ryzen 5 2500U with Radeon Vega Mobile Gfx|6|25|2025-08-28
mp_parser|1000000|2.5632328479841817|AMD Ryzen 5 2500U with Radeon Vega Mobile Gfx|7|25|2025-08-28
mp_parser|1000000|2.7844966990232933|AMD Ryzen 5 2500U with Radeon Vega Mobile Gfx|8|25|2025-08-28
single_parser|1000000|5.213916523993248|AMD Ryzen 5 2500U with Radeon Vega Mobile Gfx|1|26|2025-08-28
mp_parser|1000000|5.836307528981706|AMD Ryzen 5 2500U with Radeon Vega Mobile Gfx|1|26|2025-08-28
mp_parser|1000000|3.4607830620079767|AMD Ryzen 5 2500U with Radeon Vega Mobile Gfx|2|26|2025-08-28
mp_parser|1000000|3.0653547380061354|AMD Ryzen 5 2500U with Radeon Vega Mobile Gfx|3|26|2025-08-28
mp_parser|1000000|3.0463639889785554|AMD Ryzen 5 2500U with Radeon Vega Mobile Gfx|4|26|2025-08-28
mp_parser|1000000|2.81364611297613|AMD Ryzen 5 2500U with Radeon Vega Mobile Gfx|5|26|2025-08-28
mp_parser|1000000|2.5779806939826813|AMD Ryzen 5 2500U with Radeon Vega Mobile Gfx|6|26|2025-08-28
mp_parser|1000000|2.476113839977188|AMD Ryzen 5 2500U with Radeon Vega Mobile Gfx|7|26|2025-08-28
mp_parser|1000000|2.4927981259825174|AMD Ryzen 5 2500U with Radeon Vega Mobile Gfx|8|26|2025-08-28
single_parser|1000000|4.854243484995095|AMD Ryzen 5 2500U with Radeon Vega Mobile Gfx|1|27|2025-08-28
mp_parser|1000000|5.782753349019913|AMD Ryzen 5 2500U with Radeon Vega Mobile Gfx|1|27|2025-08-28
mp_parser|1000000|3.536666651023552|AMD Ryzen 5 2500U with Radeon Vega Mobile Gfx|2|27|2025-08-28
mp_parser|1000000|2.945247099007247|AMD Ryzen 5 2500U with Radeon Vega Mobile Gfx|3|27|2025-08-28
mp_parser|1000000|2.9609536659845617|AMD Ryzen 5 2500U with Radeon Vega Mobile Gfx|4|27|2025-08-28
mp_parser|1000000|2.5810772109834943|AMD Ryzen 5 2500U with Radeon Vega Mobile Gfx|5|27|2025-08-28
mp_parser|1000000|2.5570596499892417|AMD Ryzen 5 2500U with Radeon Vega Mobile Gfx|6|27|2025-08-28
mp_parser|1000000|2.55625199698261|AMD Ryzen 5 2500U with Radeon Vega Mobile Gfx|7|27|2025-08-28
mp_parser|1000000|2.450730657001259|AMD Ryzen 5 2500U with Radeon Vega Mobile Gfx|8|27|2025-08-28
single_parser|1000000|4.869874761992833|AMD Ryzen 5 2500U with Radeon Vega Mobile Gfx|1|28|2025-08-28
mp_parser|1000000|5.873087745014345|AMD Ryzen 5 2500U with Radeon Vega Mobile Gfx|1|28|2025-08-28
mp_parser|1000000|3.458451733982656|AMD Ryzen 5 2500U with Radeon Vega Mobile Gfx|2|28|2025-08-28
mp_parser|1000000|2.904315471998416|AMD Ryzen 5 2500U with Radeon Vega Mobile Gfx|3|28|2025-08-28
mp_parser|1000000|2.8212022540101316|AMD Ryzen 5 2500U with Radeon Vega Mobile Gfx|4|28|2025-08-28
mp_parser|1000000|2.658203289989615|AMD Ryzen 5 2500U with Radeon Vega Mobile Gfx|5|28|2025-08-28
mp_parser|1000000|2.4718303580011707|AMD Ryzen 5 2500U with Radeon Vega Mobile Gfx|6|28|2025-08-28
mp_parser|1000000|2.602712318999693|AMD Ryzen 5 2500U with Radeon Vega Mobile Gfx|7|28|2025-08-28
mp_parser|1000000|2.4659151560044847|AMD Ryzen 5 2500U with Radeon Vega Mobile Gfx|8|28|2025-08-28
single_parser|1000000|4.871756446984364|AMD Ryzen 5 2500U with Radeon Vega Mobile Gfx|1|29|2025-08-28
mp_parser|1000000|5.750089623004897|AMD Ryzen 5 2500U with Radeon Vega Mobile Gfx|1|29|2025-08-28
mp_parser|1000000|3.464641346014105|AMD Ryzen 5 2500U with Radeon Vega Mobile Gfx|2|29|2025-08-28
mp_parser|1000000|2.80235146699124|AMD Ryzen 5 2500U with Radeon Vega Mobile Gfx|3|29|2025-08-28
mp_parser|1000000|2.691121520008892|AMD Ryzen 5 2500U with Radeon Vega Mobile Gfx|4|29|2025-08-28
mp_parser|1000000|2.542648582981201|AMD Ryzen 5 2500U with Radeon Vega Mobile Gfx|5|29|2025-08-28
mp_parser|1000000|2.4877715239999816|AMD Ryzen 5 2500U with Radeon Vega Mobile Gfx|6|29|2025-08-28
mp_parser|1000000|2.412864327983698|AMD Ryzen 5 2500U with Radeon Vega Mobile Gfx|7|29|2025-08-28
mp_parser|1000000|2.525941736996174|AMD Ryzen 5 2500U with Radeon Vega Mobile Gfx|8|29|2025-08-28
single_parser|1000000|4.90003123000497|AMD Ryzen 5 2500U with Radeon Vega Mobile Gfx|1|30|2025-08-28
mp_parser|1000000|5.7649313359870575|AMD Ryzen 5 2500U with Radeon Vega Mobile Gfx|1|30|2025-08-28
mp_parser|1000000|3.5459068930067588|AMD Ryzen 5 2500U with Radeon Vega Mobile Gfx|2|30|2025-08-28
mp_parser|1000000|2.9395300390024204|AMD Ryzen 5 2500U with Radeon Vega Mobile Gfx|3|30|2025-08-28
mp_parser|1000000|2.693247232004069|AMD Ryzen 5 2500U with Radeon Vega Mobile Gfx|4|30|2025-08-28
mp_parser|1000000|2.679458386992337|AMD Ryzen 5 2500U with Radeon Vega Mobile Gfx|5|30|2025-08-28
mp_parser|1000000|2.5089764760050457|AMD Ryzen 5 2500U with Radeon Vega Mobile Gfx|6|30|2025-08-28
mp_parser|1000000|2.671649978001369|AMD Ryzen 5 2500U with Radeon Vega Mobile Gfx|7|30|2025-08-28
mp_parser|1000000|2.4509829969902057|AMD Ryzen 5 2500U with Radeon Vega Mobile Gfx|8|30|2025-08-28
single_parser|1000000|4.8153827440110035|AMD Ryzen 5 2500U with Radeon Vega Mobile Gfx|1|31|2025-08-28
mp_parser|1000000|5.790297756000655|AMD Ryzen 5 2500U with Radeon Vega Mobile Gfx|1|31|2025-08-28
mp_parser|1000000|3.522118833003333|AMD Ryzen 5 2500U with Radeon Vega Mobile Gfx|2|31|2025-08-28
mp_parser|1000000|2.887874723994173|AMD Ryzen 5 2500U with Radeon Vega Mobile Gfx|3|31|2025-08-28
mp_parser|1000000|3.0553342920029536|AMD Ryzen 5 2500U with Radeon Vega Mobile Gfx|4|31|2025-08-28
mp_parser|1000000|2.5683643520169426|AMD Ryzen 5 2500U with Radeon Vega Mobile Gfx|5|31|2025-08-28
mp_parser|1000000|2.730690248979954|AMD Ryzen 5 2500U with Radeon Vega Mobile Gfx|6|31|2025-08-28
mp_parser|1000000|2.490427198004909|AMD Ryzen 5 2500U with Radeon Vega Mobile Gfx|7|31|2025-08-28
mp_parser|1000000|2.5941664470010437|AMD Ryzen 5 2500U with Radeon Vega Mobile Gfx|8|31|2025-08-28
single_parser|1000000|4.870932240999537|AMD Ryzen 5 2500U with Radeon Vega Mobile Gfx|1|32|2025-08-28
mp_parser|1000000|5.809299540997017|AMD Ryzen 5 2500U with Radeon Vega Mobile Gfx|1|32|2025-08-28
mp_parser|1000000|3.485231618018588|AMD Ryzen 5 2500U with Radeon Vega Mobile Gfx|2|32|2025-08-28
mp_parser|1000000|2.8934506340010557|AMD Ryzen 5 2500U with Radeon Vega Mobile Gfx|3|32|2025-08-28
mp_parser|1000000|3.1622644839808345|AMD Ryzen 5 2500U with Radeon Vega Mobile Gfx|4|32|2025-08-28
mp_parser|1000000|2.567870219994802|AMD Ryzen 5 2500U with Radeon Vega Mobile Gfx|5|32|2025-08-28
mp_parser|1000000|2.5811925190209877|AMD Ryzen 5 2500U with Radeon Vega Mobile Gfx|6|32|2025-08-28
mp_parser|1000000|2.5603534700057935|AMD Ryzen 5 2500U with Radeon Vega Mobile Gfx|7|32|2025-08-28
mp_parser|1000000|2.561611465003807|AMD Ryzen 5 2500U with Radeon Vega Mobile Gfx|8|32|2025-08-28
single_parser|1000000|4.799214240978472|AMD Ryzen 5 2500U with Radeon Vega Mobile Gfx|1|33|2025-08-28
mp_parser|1000000|5.7932578019972425|AMD Ryzen 5 2500U with Radeon Vega Mobile Gfx|1|33|2025-08-28
mp_parser|1000000|3.4985452569962945|AMD Ryzen 5 2500U with Radeon Vega Mobile Gfx|2|33|2025-08-28
mp_parser|1000000|2.8484840920136776|AMD Ryzen 5 2500U with Radeon Vega Mobile Gfx|3|33|2025-08-28
mp_parser|1000000|2.901577384007396|AMD Ryzen 5 2500U with Radeon Vega Mobile Gfx|4|33|2025-08-28
mp_parser|1000000|2.5421073059842456|AMD Ryzen 5 2500U with Radeon Vega Mobile Gfx|5|33|2025-08-28
mp_parser|1000000|2.656595804990502|AMD Ryzen 5 2500U with Radeon Vega Mobile Gfx|6|33|2025-08-28
mp_parser|1000000|2.513479053013725|AMD Ryzen 5 2500U with Radeon Vega Mobile Gfx|7|33|2025-08-28
mp_parser|1000000|2.5129957459867|AMD Ryzen 5 2500U with Radeon Vega Mobile Gfx|8|33|2025-08-28
single_parser|1000000|4.914961292990483|AMD Ryzen 5 2500U with Radeon Vega Mobile Gfx|1|34|2025-08-28
mp_parser|1000000|5.718897048995132|AMD Ryzen 5 2500U with Radeon Vega Mobile Gfx|1|34|2025-08-28
mp_parser|1000000|3.4779454169911332|AMD Ryzen 5 2500U with Radeon Vega Mobile Gfx|2|34|2025-08-28
mp_parser|1000000|2.9519899990118574|AMD Ryzen 5 2500U with Radeon Vega Mobile Gfx|3|34|2025-08-28
mp_parser|1000000|2.7433714689977933|AMD Ryzen 5 2500U with Radeon Vega Mobile Gfx|4|34|2025-08-28
mp_parser|1000000|2.6549687649821863|AMD Ryzen 5 2500U with Radeon Vega Mobile Gfx|5|34|2025-08-28
mp_parser|1000000|2.5152928510215133|AMD Ryzen 5 2500U with Radeon Vega Mobile Gfx|6|34|2025-08-28
mp_parser|1000000|2.549088717001723|AMD Ryzen 5 2500U with Radeon Vega Mobile Gfx|7|34|2025-08-28
mp_parser|1000000|2.5663481520023197|AMD Ryzen 5 2500U with Radeon Vega Mobile Gfx|8|34|2025-08-28
single_parser|1000000|5.307190152991097|AMD Ryzen 5 2500U with Radeon Vega Mobile Gfx|1|35|2025-08-28
mp_parser|1000000|5.772787448018789|AMD Ryzen 5 2500U with Radeon Vega Mobile Gfx|1|35|2025-08-28
mp_parser|1000000|3.492116787005216|AMD Ryzen 5 2500U with Radeon Vega Mobile Gfx|2|35|2025-08-28
mp_parser|1000000|2.911440756986849|AMD Ryzen 5 2500U with Radeon Vega Mobile Gfx|3|35|2025-08-28
mp_parser|1000000|2.7072778699803166|AMD Ryzen 5 2500U with Radeon Vega Mobile Gfx|4|35|2025-08-28
mp_parser|1000000|2.780960177013185|AMD Ryzen 5 2500U with Radeon Vega Mobile Gfx|5|35|2025-08-28
mp_parser|1000000|2.5138465620111674|AMD Ryzen 5 2500U with Radeon Vega Mobile Gfx|6|35|2025-08-28
mp_parser|1000000|2.6191397270013113|AMD Ryzen 5 2500U with Radeon Vega Mobile Gfx|7|35|2025-08-28
mp_parser|1000000|2.415669603011338|AMD Ryzen 5 2500U with Radeon Vega Mobile Gfx|8|35|2025-08-28
single_parser|1000000|5.2012950890057255|AMD Ryzen 5 2500U with Radeon Vega Mobile Gfx|1|36|2025-08-28
mp_parser|1000000|5.69977136500529|AMD Ryzen 5 2500U with Radeon Vega Mobile Gfx|1|36|2025-08-28
mp_parser|1000000|3.4710418800241314|AMD Ryzen 5 2500U with Radeon Vega Mobile Gfx|2|36|2025-08-28
mp_parser|1000000|2.9664141270041|AMD Ryzen 5 2500U with Radeon Vega Mobile Gfx|3|36|2025-08-28
mp_parser|1000000|2.8242118879861664|AMD Ryzen 5 2500U with Radeon Vega Mobile Gfx|4|36|2025-08-28
mp_parser|1000000|2.6220184070116375|AMD Ryzen 5 2500U with Radeon Vega Mobile Gfx|5|36|2025-08-28
mp_parser|1000000|2.4888496060157195|AMD Ryzen 5 2500U with Radeon Vega Mobile Gfx|6|36|2025-08-28
mp_parser|1000000|2.456371520005632|AMD Ryzen 5 2500U with Radeon Vega Mobile Gfx|7|36|2025-08-28
mp_parser|1000000|2.6328585199953523|AMD Ryzen 5 2500U with Radeon Vega Mobile Gfx|8|36|2025-08-28
single_parser|1000000|4.93556364797405|AMD Ryzen 5 2500U with Radeon Vega Mobile Gfx|1|37|2025-08-28
mp_parser|1000000|5.756727970001521|AMD Ryzen 5 2500U with Radeon Vega Mobile Gfx|1|37|2025-08-28
mp_parser|1000000|3.4841560509812552|AMD Ryzen 5 2500U with Radeon Vega Mobile Gfx|2|37|2025-08-28
mp_parser|1000000|2.924417966976762|AMD Ryzen 5 2500U with Radeon Vega Mobile Gfx|3|37|2025-08-28
mp_parser|1000000|2.713207668013638|AMD Ryzen 5 2500U with Radeon Vega Mobile Gfx|4|37|2025-08-28
mp_parser|1000000|2.598172097990755|AMD Ryzen 5 2500U with Radeon Vega Mobile Gfx|5|37|2025-08-28
mp_parser|1000000|2.5569424539862666|AMD Ryzen 5 2500U with Radeon Vega Mobile Gfx|6|37|2025-08-28
mp_parser|1000000|2.4635578469897155|AMD Ryzen 5 2500U with Radeon Vega Mobile Gfx|7|37|2025-08-28
mp_parser|1000000|2.4709939989843406|AMD Ryzen 5 2500U with Radeon Vega Mobile Gfx|8|37|2025-08-28
single_parser|1000000|4.857974796002964|AMD Ryzen 5 2500U with Radeon Vega Mobile Gfx|1|38|2025-08-28
mp_parser|1000000|5.726029039011337|AMD Ryzen 5 2500U with Radeon Vega Mobile Gfx|1|38|2025-08-28
mp_parser|1000000|3.466669070010539|AMD Ryzen 5 2500U with Radeon Vega Mobile Gfx|2|38|2025-08-28
mp_parser|1000000|2.8179667519871145|AMD Ryzen 5 2500U with Radeon Vega Mobile Gfx|3|38|2025-08-28
mp_parser|1000000|2.598182923014974|AMD Ryzen 5 2500U with Radeon Vega Mobile Gfx|4|38|2025-08-28
mp_parser|1000000|2.7430096179887187|AMD Ryzen 5 2500U with Radeon Vega Mobile Gfx|5|38|2025-08-28
mp_parser|1000000|2.690001323004253|AMD Ryzen 5 2500U with Radeon Vega Mobile Gfx|6|38|2025-08-28
mp_parser|1000000|2.530505985021591|AMD Ryzen 5 2500U with Radeon Vega Mobile Gfx|7|38|2025-08-28
mp_parser|1000000|2.489815452019684|AMD Ryzen 5 2500U with Radeon Vega Mobile Gfx|8|38|2025-08-28
single_parser|1000000|4.975685876008356|AMD Ryzen 5 2500U with Radeon Vega Mobile Gfx|1|39|2025-08-28
mp_parser|1000000|5.619160726986593|AMD Ryzen 5 2500U with Radeon Vega Mobile Gfx|1|39|2025-08-28
mp_parser|1000000|3.4192588250152767|AMD Ryzen 5 2500U with Radeon Vega Mobile Gfx|2|39|2025-08-28
mp_parser|1000000|3.6950650499784388|AMD Ryzen 5 2500U with Radeon Vega Mobile Gfx|3|39|2025-08-28
mp_parser|1000000|2.7868813860113733|AMD Ryzen 5 2500U with Radeon Vega Mobile Gfx|4|39|2025-08-28
mp_parser|1000000|2.9313613830017857|AMD Ryzen 5 2500U with Radeon Vega Mobile Gfx|5|39|2025-08-28
mp_parser|1000000|2.575574915012112|AMD Ryzen 5 2500U with Radeon Vega Mobile Gfx|6|39|2025-08-28
mp_parser|1000000|2.5751124909729697|AMD Ryzen 5 2500U with Radeon Vega Mobile Gfx|7|39|2025-08-28
mp_parser|1000000|2.4006990310153924|AMD Ryzen 5 2500U with Radeon Vega Mobile Gfx|8|39|2025-08-28
single_parser|1000000|4.937316822994035|AMD Ryzen 5 2500U with Radeon Vega Mobile Gfx|1|40|2025-08-28
mp_parser|1000000|5.729731505998643|AMD Ryzen 5 2500U with Radeon Vega Mobile Gfx|1|40|2025-08-28
mp_parser|1000000|3.528551074996358|AMD Ryzen 5 2500U with Radeon Vega Mobile Gfx|2|40|2025-08-28
mp_parser|1000000|2.86023892700905|AMD Ryzen 5 2500U with Radeon Vega Mobile Gfx|3|40|2025-08-28
mp_parser|1000000|3.1354221619840246|AMD Ryzen 5 2500U with Radeon Vega Mobile Gfx|4|40|2025-08-28
mp_parser|1000000|2.661148946994217|AMD Ryzen 5 2500U with Radeon Vega Mobile Gfx|5|40|2025-08-28
mp_parser|1000000|2.555852010002127|AMD Ryzen 5 2500U with Radeon Vega Mobile Gfx|6|40|2025-08-28
mp_parser|1000000|2.59065883999574|AMD Ryzen 5 2500U with Radeon Vega Mobile Gfx|7|40|2025-08-28
mp_parser|1000000|2.6203190099913627|AMD Ryzen 5 2500U with Radeon Vega Mobile Gfx|8|40|2025-08-28
single_parser|1000000|5.266751749994|AMD Ryzen 5 2500U with Radeon Vega Mobile Gfx|1|41|2025-08-28
mp_parser|1000000|5.673568864993285|AMD Ryzen 5 2500U with Radeon Vega Mobile Gfx|1|41|2025-08-28
mp_parser|1000000|3.5155166639888193|AMD Ryzen 5 2500U with Radeon Vega Mobile Gfx|2|41|2025-08-28
mp_parser|1000000|2.8778495279839262|AMD Ryzen 5 2500U with Radeon Vega Mobile Gfx|3|41|2025-08-28
mp_parser|1000000|2.685779161984101|AMD Ryzen 5 2500U with Radeon Vega Mobile Gfx|4|41|2025-08-28
mp_parser|1000000|2.468696196010569|AMD Ryzen 5 2500U with Radeon Vega Mobile Gfx|5|41|2025-08-28
mp_parser|1000000|2.4617727540025953|AMD Ryzen 5 2500U with Radeon Vega Mobile Gfx|6|41|2025-08-28
mp_parser|1000000|2.484281237993855|AMD Ryzen 5 2500U with Radeon Vega Mobile Gfx|7|41|2025-08-28
mp_parser|1000000|2.423454756004503|AMD Ryzen 5 2500U with Radeon Vega Mobile Gfx|8|41|2025-08-28
single_parser|1000000|5.275228757003788|AMD Ryzen 5 2500U with Radeon Vega Mobile Gfx|1|42|2025-08-28
mp_parser|1000000|5.740144325012807|AMD Ryzen 5 2500U with Radeon Vega Mobile Gfx|1|42|2025-08-28
mp_parser|1000000|3.4806611539970618|AMD Ryzen 5 2500U with Radeon Vega Mobile Gfx|2|42|2025-08-28
mp_parser|1000000|2.8312884219922125|AMD Ryzen 5 2500U with Radeon Vega Mobile Gfx|3|42|2025-08-28
mp_parser|1000000|2.906565851997584|AMD Ryzen 5 2500U with Radeon Vega Mobile Gfx|4|42|2025-08-28
mp_parser|1000000|2.520214061019942|AMD Ryzen 5 2500U with Radeon Vega Mobile Gfx|5|42|2025-08-28
mp_parser|1000000|2.7699019470019266|AMD Ryzen 5 2500U with Radeon Vega Mobile Gfx|6|42|2025-08-28
mp_parser|1000000|2.5729353049828205|AMD Ryzen 5 2500U with Radeon Vega Mobile Gfx|7|42|2025-08-28
mp_parser|1000000|2.516408647003118|AMD Ryzen 5 2500U with Radeon Vega Mobile Gfx|8|42|2025-08-28
single_parser|1000000|4.7524973879917525|AMD Ryzen 5 2500U with Radeon Vega Mobile Gfx|1|43|2025-08-28
mp_parser|1000000|5.7279080690059345|AMD Ryzen 5 2500U with Radeon Vega Mobile Gfx|1|43|2025-08-28
mp_parser|1000000|3.491909984004451|AMD Ryzen 5 2500U with Radeon Vega Mobile Gfx|2|43|2025-08-28
mp_parser|1000000|3.086506610008655|AMD Ryzen 5 2500U with Radeon Vega Mobile Gfx|3|43|2025-08-28
mp_parser|1000000|2.680870035022963|AMD Ryzen 5 2500U with Radeon Vega Mobile Gfx|4|43|2025-08-28
mp_parser|1000000|2.5385655460122507|AMD Ryzen 5 2500U with Radeon Vega Mobile Gfx|5|43|2025-08-28
mp_parser|1000000|2.4383806989935692|AMD Ryzen 5 2500U with Radeon Vega Mobile Gfx|6|43|2025-08-28
mp_parser|1000000|2.423712402989622|AMD Ryzen 5 2500U with Radeon Vega Mobile Gfx|7|43|2025-08-28
mp_parser|1000000|2.485774252010742|AMD Ryzen 5 2500U with Radeon Vega Mobile Gfx|8|43|2025-08-28
single_parser|1000000|4.888504778005881|AMD Ryzen 5 2500U with Radeon Vega Mobile Gfx|1|44|2025-08-28
mp_parser|1000000|5.786161081981845|AMD Ryzen 5 2500U with Radeon Vega Mobile Gfx|1|44|2025-08-28
mp_parser|1000000|3.5560345469857566|AMD Ryzen 5 2500U with Radeon Vega Mobile Gfx|2|44|2025-08-28
mp_parser|1000000|2.8228139290004037|AMD Ryzen 5 2500U with Radeon Vega Mobile Gfx|3|44|2025-08-28
mp_parser|1000000|2.7707705019856803|AMD Ryzen 5 2500U with Radeon Vega Mobile Gfx|4|44|2025-08-28
mp_parser|1000000|2.4973428179800976|AMD Ryzen 5 2500U with Radeon Vega Mobile Gfx|5|44|2025-08-28
mp_parser|1000000|2.6503922950068954|AMD Ryzen 5 2500U with Radeon Vega Mobile Gfx|6|44|2025-08-28
mp_parser|1000000|2.647267701016972|AMD Ryzen 5 2500U with Radeon Vega Mobile Gfx|7|44|2025-08-28
mp_parser|1000000|2.5143918890098576|AMD Ryzen 5 2500U with Radeon Vega Mobile Gfx|8|44|2025-08-28
single_parser|1000000|5.251073048973922|AMD Ryzen 5 2500U with Radeon Vega Mobile Gfx|1|45|2025-08-28
mp_parser|1000000|5.757899429998361|AMD Ryzen 5 2500U with Radeon Vega Mobile Gfx|1|45|2025-08-28
mp_parser|1000000|3.721185903996229|AMD Ryzen 5 2500U with Radeon Vega Mobile Gfx|2|45|2025-08-28
mp_parser|1000000|2.9358703159959987|AMD Ryzen 5 2500U with Radeon Vega Mobile Gfx|3|45|2025-08-28
mp_parser|1000000|2.8439033619943075|AMD Ryzen 5 2500U with Radeon Vega Mobile Gfx|4|45|2025-08-28
mp_parser|1000000|2.5398121580074076|AMD Ryzen 5 2500U with Radeon Vega Mobile Gfx|5|45|2025-08-28
mp_parser|1000000|2.4736179649771657|AMD Ryzen 5 2500U with Radeon Vega Mobile Gfx|6|45|2025-08-28
mp_parser|1000000|2.6313014609913807|AMD Ryzen 5 2500U with Radeon Vega Mobile Gfx|7|45|2025-08-28
mp_parser|1000000|2.587771780003095|AMD Ryzen 5 2500U with Radeon Vega Mobile Gfx|8|45|2025-08-28
single_parser|1000000|4.836232898000162|AMD Ryzen 5 2500U with Radeon Vega Mobile Gfx|1|46|2025-08-28
mp_parser|1000000|5.735250494006323|AMD Ryzen 5 2500U with Radeon Vega Mobile Gfx|1|46|2025-08-28
mp_parser|1000000|3.5196726850117557|AMD Ryzen 5 2500U with Radeon Vega Mobile Gfx|2|46|2025-08-28
mp_parser|1000000|3.051387378014624|AMD Ryzen 5 2500U with Radeon Vega Mobile Gfx|3|46|2025-08-28
mp_parser|1000000|3.030283765983768|AMD Ryzen 5 2500U with Radeon Vega Mobile Gfx|4|46|2025-08-28
mp_parser|1000000|2.572333684976911|AMD Ryzen 5 2500U with Radeon Vega Mobile Gfx|5|46|2025-08-28
mp_parser|1000000|2.696772299997974|AMD Ryzen 5 2500U with Radeon Vega Mobile Gfx|6|46|2025-08-28
mp_parser|1000000|2.490827392990468|AMD Ryzen 5 2500U with Radeon Vega Mobile Gfx|7|46|2025-08-28
mp_parser|1000000|2.6896354909986258|AMD Ryzen 5 2500U with Radeon Vega Mobile Gfx|8|46|2025-08-28
single_parser|1000000|5.333833076001611|AMD Ryzen 5 2500U with Radeon Vega Mobile Gfx|1|47|2025-08-28
mp_parser|1000000|5.776385850011138|AMD Ryzen 5 2500U with Radeon Vega Mobile Gfx|1|47|2025-08-28
mp_parser|1000000|3.4708985649922397|AMD Ryzen 5 2500U with Radeon Vega Mobile Gfx|2|47|2025-08-28
mp_parser|1000000|2.8116364080051426|AMD Ryzen 5 2500U with Radeon Vega Mobile Gfx|3|47|2025-08-28
mp_parser|1000000|2.9722833030100446|AMD Ryzen 5 2500U with Radeon Vega Mobile Gfx|4|47|2025-08-28
mp_parser|1000000|2.568762103008339|AMD Ryzen 5 2500U with Radeon Vega Mobile Gfx|5|47|2025-08-28
mp_parser|1000000|2.720376256009331|AMD Ryzen 5 2500U with Radeon Vega Mobile Gfx|6|47|2025-08-28
mp_parser|1000000|2.5407262499793433|AMD Ryzen 5 2500U with Radeon Vega Mobile Gfx|7|47|2025-08-28
mp_parser|1000000|2.6009606110164896|AMD Ryzen 5 2500U with Radeon Vega Mobile Gfx|8|47|2025-08-28
single_parser|1000000|4.833970645006048|AMD Ryzen 5 2500U with Radeon Vega Mobile Gfx|1|48|2025-08-28
mp_parser|1000000|5.896079047000967|AMD Ryzen 5 2500U with Radeon Vega Mobile Gfx|1|48|2025-08-28
mp_parser|1000000|3.4922390790015925|AMD Ryzen 5 2500U with Radeon Vega Mobile Gfx|2|48|2025-08-28
mp_parser|1000000|2.818907035019947|AMD Ryzen 5 2500U with Radeon Vega Mobile Gfx|3|48|2025-08-28
mp_parser|1000000|2.6952747470058966|AMD Ryzen 5 2500U with Radeon Vega Mobile Gfx|4|48|2025-08-28
mp_parser|1000000|2.58349863399053|AMD Ryzen 5 2500U with Radeon Vega Mobile Gfx|5|48|2025-08-28
mp_parser|1000000|2.621880468010204|AMD Ryzen 5 2500U with Radeon Vega Mobile Gfx|6|48|2025-08-28
mp_parser|1000000|2.7339004690002184|AMD Ryzen 5 2500U with Radeon Vega Mobile Gfx|7|48|2025-08-28
mp_parser|1000000|2.4685996050247923|AMD Ryzen 5 2500U with Radeon Vega Mobile Gfx|8|48|2025-08-28
single_parser|1000000|4.888579370017396|AMD Ryzen 5 2500U with Radeon Vega Mobile Gfx|1|49|2025-08-28
mp_parser|1000000|5.692692245007493|AMD Ryzen 5 2500U with Radeon Vega Mobile Gfx|1|49|2025-08-28
mp_parser|1000000|3.5595502560026944|AMD Ryzen 5 2500U with Radeon Vega Mobile Gfx|2|49|2025-08-28
mp_parser|1000000|2.884468319010921|AMD Ryzen 5 2500U with Radeon Vega Mobile Gfx|3|49|2025-08-28
mp_parser|1000000|2.856334059004439|AMD Ryzen 5 2500U with Radeon Vega Mobile Gfx|4|49|2025-08-28
mp_parser|1000000|2.706778848019894|AMD Ryzen 5 2500U with Radeon Vega Mobile Gfx|5|49|2025-08-28
mp_parser|1000000|2.497992279008031|AMD Ryzen 5 2500U with Radeon Vega Mobile Gfx|6|49|2025-08-28
mp_parser|1000000|2.677302433992736|AMD Ryzen 5 2500U with Radeon Vega Mobile Gfx|7|49|2025-08-28
mp_parser|1000000|2.7000372049806174|AMD Ryzen 5 2500U with Radeon Vega Mobile Gfx|8|49|2025-08-28
single_parser|1000000|4.832580647984287|AMD Ryzen 5 2500U with Radeon Vega Mobile Gfx|1|50|2025-08-28
mp_parser|1000000|5.6990276860015|AMD Ryzen 5 2500U with Radeon Vega Mobile Gfx|1|50|2025-08-28
mp_parser|1000000|3.500384896993637|AMD Ryzen 5 2500U with Radeon Vega Mobile Gfx|2|50|2025-08-28
mp_parser|1000000|3.024653869011672|AMD Ryzen 5 2500U with Radeon Vega Mobile Gfx|3|50|2025-08-28
mp_parser|1000000|3.068986035999842|AMD Ryzen 5 2500U with Radeon Vega Mobile Gfx|4|50|2025-08-28
mp_parser|1000000|2.5928446170000825|AMD Ryzen 5 2500U with Radeon Vega Mobile Gfx|5|50|2025-08-28
mp_parser|1000000|2.8329492659831885|AMD Ryzen 5 2500U with Radeon Vega Mobile Gfx|6|50|2025-08-28
mp_parser|1000000|2.658241911994992|AMD Ryzen 5 2500U with Radeon Vega Mobile Gfx|7|50|2025-08-28
mp_parser|1000000|2.3975682219897863|AMD Ryzen 5 2500U with Radeon Vega Mobile Gfx|8|50|2025-08-28
single_parser|1000000|5.283726997993654|AMD Ryzen 5 2500U with Radeon Vega Mobile Gfx|1|51|2025-08-28
mp_parser|1000000|5.789291471999604|AMD Ryzen 5 2500U with Radeon Vega Mobile Gfx|1|51|2025-08-28
mp_parser|1000000|3.4807767510064878|AMD Ryzen 5 2500U with Radeon Vega Mobile Gfx|2|51|2025-08-28
mp_parser|1000000|2.8374164889974054|AMD Ryzen 5 2500U with Radeon Vega Mobile Gfx|3|51|2025-08-28
mp_parser|1000000|2.6587390250060707|AMD Ryzen 5 2500U with Radeon Vega Mobile Gfx|4|51|2025-08-28
mp_parser|1000000|2.8593369730224367|AMD Ryzen 5 2500U with Radeon Vega Mobile Gfx|5|51|2025-08-28
mp_parser|1000000|2.6567249209911097|AMD Ryzen 5 2500U with Radeon Vega Mobile Gfx|6|51|2025-08-28
mp_parser|1000000|2.49014277200331|AMD Ryzen 5 2500U with Radeon Vega Mobile Gfx|7|51|2025-08-28
mp_parser|1000000|2.4910488330060616|AMD Ryzen 5 2500U with Radeon Vega Mobile Gfx|8|51|2025-08-28
single_parser|1000000|5.288885136018507|AMD Ryzen 5 2500U with Radeon Vega Mobile Gfx|1|52|2025-08-28
mp_parser|1000000|5.787240118981572|AMD Ryzen 5 2500U with Radeon Vega Mobile Gfx|1|52|2025-08-28
mp_parser|1000000|3.55760007398203|AMD Ryzen 5 2500U with Radeon Vega Mobile Gfx|2|52|2025-08-28
mp_parser|1000000|2.843066291010473|AMD Ryzen 5 2500U with Radeon Vega Mobile Gfx|3|52|2025-08-28
mp_parser|1000000|2.7186613350058906|AMD Ryzen 5 2500U with Radeon Vega Mobile Gfx|4|52|2025-08-28
mp_parser|1000000|2.5826056780060753|AMD Ryzen 5 2500U with Radeon Vega Mobile Gfx|5|52|2025-08-28
mp_parser|1000000|2.515753779996885|AMD Ryzen 5 2500U with Radeon Vega Mobile Gfx|6|52|2025-08-28
mp_parser|1000000|2.552550621010596|AMD Ryzen 5 2500U with Radeon Vega Mobile Gfx|7|52|2025-08-28
mp_parser|1000000|2.431818448007107|AMD Ryzen 5 2500U with Radeon Vega Mobile Gfx|8|52|2025-08-28
single_parser|1000000|4.89171975501813|AMD Ryzen 5 2500U with Radeon Vega Mobile Gfx|1|53|2025-08-28
mp_parser|1000000|5.662667750992114|AMD Ryzen 5 2500U with Radeon Vega Mobile Gfx|1|53|2025-08-28
mp_parser|1000000|3.5175650780147407|AMD Ryzen 5 2500U with Radeon Vega Mobile Gfx|2|53|2025-08-28
mp_parser|1000000|3.033111037017079|AMD Ryzen 5 2500U with Radeon Vega Mobile Gfx|3|53|2025-08-28
mp_parser|1000000|2.735123245016439|AMD Ryzen 5 2500U with Radeon Vega Mobile Gfx|4|53|2025-08-28
mp_parser|1000000|2.892991411004914|AMD Ryzen 5 2500U with Radeon Vega Mobile Gfx|5|53|2025-08-28
mp_parser|1000000|2.6325904430123046|AMD Ryzen 5 2500U with Radeon Vega Mobile Gfx|6|53|2025-08-28
mp_parser|1000000|2.4065572779800277|AMD Ryzen 5 2500U with Radeon Vega Mobile Gfx|7|53|2025-08-28
mp_parser|1000000|2.5094235769938678|AMD Ryzen 5 2500U with Radeon Vega Mobile Gfx|8|53|2025-08-28
single_parser|1000000|5.120557845017174|AMD Ryzen 5 2500U with Radeon Vega Mobile Gfx|1|54|2025-08-28
mp_parser|1000000|5.81189338301192|AMD Ryzen 5 2500U with Radeon Vega Mobile Gfx|1|54|2025-08-28
mp_parser|1000000|3.539912507025292|AMD Ryzen 5 2500U with Radeon Vega Mobile Gfx|2|54|2025-08-28
mp_parser|1000000|2.8363865280116443|AMD Ryzen 5 2500U with Radeon Vega Mobile Gfx|3|54|2025-08-28
mp_parser|1000000|2.859404510993045|AMD Ryzen 5 2500U with Radeon Vega Mobile Gfx|4|54|2025-08-28
mp_parser|1000000|2.6124045549950097|AMD Ryzen 5 2500U with Radeon Vega Mobile Gfx|5|54|2025-08-28
mp_parser|1000000|2.8266180010105018|AMD Ryzen 5 2500U with Radeon Vega Mobile Gfx|6|54|2025-08-28
mp_parser|1000000|2.575936601002468|AMD Ryzen 5 2500U with Radeon Vega Mobile Gfx|7|54|2025-08-28
mp_parser|1000000|2.4329411590006202|AMD Ryzen 5 2500U with Radeon Vega Mobile Gfx|8|54|2025-08-28
single_parser|1000000|4.90718487900449|AMD Ryzen 5 2500U with Radeon Vega Mobile Gfx|1|55|2025-08-28
mp_parser|1000000|5.788153303001309|AMD Ryzen 5 2500U with Radeon Vega Mobile Gfx|1|55|2025-08-28
mp_parser|1000000|3.486697966000065|AMD Ryzen 5 2500U with Radeon Vega Mobile Gfx|2|55|2025-08-28
mp_parser|1000000|2.875393032009015|AMD Ryzen 5 2500U with Radeon Vega Mobile Gfx|3|55|2025-08-28
mp_parser|1000000|3.077675430016825|AMD Ryzen 5 2500U with Radeon Vega Mobile Gfx|4|55|2025-08-28
mp_parser|1000000|2.6719286260195076|AMD Ryzen 5 2500U with Radeon Vega Mobile Gfx|5|55|2025-08-28
mp_parser|1000000|2.7060477920167614|AMD Ryzen 5 2500U with Radeon Vega Mobile Gfx|6|55|2025-08-28
mp_parser|1000000|2.5278752869926393|AMD Ryzen 5 2500U with Radeon Vega Mobile Gfx|7|55|2025-08-28
mp_parser|1000000|2.5748418970033526|AMD Ryzen 5 2500U with Radeon Vega Mobile Gfx|8|55|2025-08-28
single_parser|1000000|5.333913769980427|AMD Ryzen 5 2500U with Radeon Vega Mobile Gfx|1|56|2025-08-28
mp_parser|1000000|5.747455855016597|AMD Ryzen 5 2500U with Radeon Vega Mobile Gfx|1|56|2025-08-28
mp_parser|1000000|3.6379747900064103|AMD Ryzen 5 2500U with Radeon Vega Mobile Gfx|2|56|2025-08-28
mp_parser|1000000|2.9361188749899156|AMD Ryzen 5 2500U with Radeon Vega Mobile Gfx|3|56|2025-08-28
mp_parser|1000000|2.823136025981512|AMD Ryzen 5 2500U with Radeon Vega Mobile Gfx|4|56|2025-08-28
mp_parser|1000000|2.635443770006532|AMD Ryzen 5 2500U with Radeon Vega Mobile Gfx|5|56|2025-08-28
mp_parser|1000000|2.460751493985299|AMD Ryzen 5 2500U with Radeon Vega Mobile Gfx|6|56|2025-08-28
mp_parser|1000000|2.6917190679814667|AMD Ryzen 5 2500U with Radeon Vega Mobile Gfx|7|56|2025-08-28
mp_parser|1000000|2.5434939239930827|AMD Ryzen 5 2500U with Radeon Vega Mobile Gfx|8|56|2025-08-28
single_parser|1000000|4.8089516919862945|AMD Ryzen 5 2500U with Radeon Vega Mobile Gfx|1|57|2025-08-28
mp_parser|1000000|5.816880942991702|AMD Ryzen 5 2500U with Radeon Vega Mobile Gfx|1|57|2025-08-28
mp_parser|1000000|3.5790842559945304|AMD Ryzen 5 2500U with Radeon Vega Mobile Gfx|2|57|2025-08-28
mp_parser|1000000|3.357682317000581|AMD Ryzen 5 2500U with Radeon Vega Mobile Gfx|3|57|2025-08-28
mp_parser|1000000|3.0126970449928194|AMD Ryzen 5 2500U with Radeon Vega Mobile Gfx|4|57|2025-08-28
mp_parser|1000000|2.8783153620024677|AMD Ryzen 5 2500U with Radeon Vega Mobile Gfx|5|57|2025-08-28
mp_parser|1000000|2.4811727490159683|AMD Ryzen 5 2500U with Radeon Vega Mobile Gfx|6|57|2025-08-28
mp_parser|1000000|2.552265456004534|AMD Ryzen 5 2500U with Radeon Vega Mobile Gfx|7|57|2025-08-28
mp_parser|1000000|2.5247558609989937|AMD Ryzen 5 2500U with Radeon Vega Mobile Gfx|8|57|2025-08-28
single_parser|1000000|4.874096231011208|AMD Ryzen 5 2500U with Radeon Vega Mobile Gfx|1|58|2025-08-28
mp_parser|1000000|5.825106729986146|AMD Ryzen 5 2500U with Radeon Vega Mobile Gfx|1|58|2025-08-28
mp_parser|1000000|3.602229420997901|AMD Ryzen 5 2500U with Radeon Vega Mobile Gfx|2|58|2025-08-28
mp_parser|1000000|2.829137693013763|AMD Ryzen 5 2500U with Radeon Vega Mobile Gfx|3|58|2025-08-28
mp_parser|1000000|2.7630981969996355|AMD Ryzen 5 2500U with Radeon Vega Mobile Gfx|4|58|2025-08-28
mp_parser|1000000|2.6926188429933973|AMD Ryzen 5 2500U with Radeon Vega Mobile Gfx|5|58|2025-08-28
mp_parser|1000000|2.648552282975288|AMD Ryzen 5 2500U with Radeon Vega Mobile Gfx|6|58|2025-08-28
mp_parser|1000000|2.488749493000796|AMD Ryzen 5 2500U with Radeon Vega Mobile Gfx|7|58|2025-08-28
mp_parser|1000000|2.530140193994157|AMD Ryzen 5 2500U with Radeon Vega Mobile Gfx|8|58|2025-08-28
single_parser|1000000|4.8821772359951865|AMD Ryzen 5 2500U with Radeon Vega Mobile Gfx|1|59|2025-08-28
mp_parser|1000000|5.80364825099241|AMD Ryzen 5 2500U with Radeon Vega Mobile Gfx|1|59|2025-08-28
mp_parser|1000000|3.533991996984696|AMD Ryzen 5 2500U with Radeon Vega Mobile Gfx|2|59|2025-08-28
mp_parser|1000000|2.903986924007768|AMD Ryzen 5 2500U with Radeon Vega Mobile Gfx|3|59|2025-08-28
mp_parser|1000000|3.013821222994011|AMD Ryzen 5 2500U with Radeon Vega Mobile Gfx|4|59|2025-08-28
mp_parser|1000000|2.5829937910020817|AMD Ryzen 5 2500U with Radeon Vega Mobile Gfx|5|59|2025-08-28
mp_parser|1000000|2.5716092579823453|AMD Ryzen 5 2500U with Radeon Vega Mobile Gfx|6|59|2025-08-28
mp_parser|1000000|2.615007359010633|AMD Ryzen 5 2500U with Radeon Vega Mobile Gfx|7|59|2025-08-28
mp_parser|1000000|2.4518073119979817|AMD Ryzen 5 2500U with Radeon Vega Mobile Gfx|8|59|2025-08-28
single_parser|1000000|4.751070026977686|AMD Ryzen 5 2500U with Radeon Vega Mobile Gfx|1|60|2025-08-28
mp_parser|1000000|5.851777311996557|AMD Ryzen 5 2500U with Radeon Vega Mobile Gfx|1|60|2025-08-28
mp_parser|1000000|3.501673357997788|AMD Ryzen 5 2500U with Radeon Vega Mobile Gfx|2|60|2025-08-28
mp_parser|1000000|2.8283064319984987|AMD Ryzen 5 2500U with Radeon Vega Mobile Gfx|3|60|2025-08-28
mp_parser|1000000|2.9112796210101806|AMD Ryzen 5 2500U with Radeon Vega Mobile Gfx|4|60|2025-08-28
mp_parser|1000000|2.8263989069964737|AMD Ryzen 5 2500U with Radeon Vega Mobile Gfx|5|60|2025-08-28
mp_parser|1000000|2.5710710549901705|AMD Ryzen 5 2500U with Radeon Vega Mobile Gfx|6|60|2025-08-28
mp_parser|1000000|2.4572688190091867|AMD Ryzen 5 2500U with Radeon Vega Mobile Gfx|7|60|2025-08-28
mp_parser|1000000|2.4883164030034095|AMD Ryzen 5 2500U with Radeon Vega Mobile Gfx|8|60|2025-08-28
single_parser|1000000|4.822936373995617|AMD Ryzen 5 2500U with Radeon Vega Mobile Gfx|1|61|2025-08-28
mp_parser|1000000|5.8311029489850625|AMD Ryzen 5 2500U with Radeon Vega Mobile Gfx|1|61|2025-08-28
mp_parser|1000000|3.4793151729973033|AMD Ryzen 5 2500U with Radeon Vega Mobile Gfx|2|61|2025-08-28
mp_parser|1000000|2.886446374002844|AMD Ryzen 5 2500U with Radeon Vega Mobile Gfx|3|61|2025-08-28
mp_parser|1000000|2.6958266879955772|AMD Ryzen 5 2500U with Radeon Vega Mobile Gfx|4|61|2025-08-28
mp_parser|1000000|2.665856209001504|AMD Ryzen 5 2500U with Radeon Vega Mobile Gfx|5|61|2025-08-28
mp_parser|1000000|2.588966472016182|AMD Ryzen 5 2500U with Radeon Vega Mobile Gfx|6|61|2025-08-28
mp_parser|1000000|2.539087658020435|AMD Ryzen 5 2500U with Radeon Vega Mobile Gfx|7|61|2025-08-28
mp_parser|1000000|2.4362967899942305|AMD Ryzen 5 2500U with Radeon Vega Mobile Gfx|8|61|2025-08-28
single_parser|1000000|5.281809089006856|AMD Ryzen 5 2500U with Radeon Vega Mobile Gfx|1|62|2025-08-28
mp_parser|1000000|5.7320893479918595|AMD Ryzen 5 2500U with Radeon Vega Mobile Gfx|1|62|2025-08-28
mp_parser|1000000|3.4445860070118215|AMD Ryzen 5 2500U with Radeon Vega Mobile Gfx|2|62|2025-08-28
mp_parser|1000000|3.006241544993827|AMD Ryzen 5 2500U with Radeon Vega Mobile Gfx|3|62|2025-08-28
mp_parser|1000000|2.9900988830195274|AMD Ryzen 5 2500U with Radeon Vega Mobile Gfx|4|62|2025-08-28
mp_parser|1000000|2.685986572992988|AMD Ryzen 5 2500U with Radeon Vega Mobile Gfx|5|62|2025-08-28
mp_parser|1000000|2.524536137992982|AMD Ryzen 5 2500U with Radeon Vega Mobile Gfx|6|62|2025-08-28
mp_parser|1000000|2.5603831270127557|AMD Ryzen 5 2500U with Radeon Vega Mobile Gfx|7|62|2025-08-28
mp_parser|1000000|2.4179014429973904|AMD Ryzen 5 2500U with Radeon Vega Mobile Gfx|8|62|2025-08-28
single_parser|1000000|4.864558183006011|AMD Ryzen 5 2500U with Radeon Vega Mobile Gfx|1|63|2025-08-28
mp_parser|1000000|5.786176355002681|AMD Ryzen 5 2500U with Radeon Vega Mobile Gfx|1|63|2025-08-28
mp_parser|1000000|3.45141641900409|AMD Ryzen 5 2500U with Radeon Vega Mobile Gfx|2|63|2025-08-28
mp_parser|1000000|2.9778696809953544|AMD Ryzen 5 2500U with Radeon Vega Mobile Gfx|3|63|2025-08-28
mp_parser|1000000|2.6944829279964324|AMD Ryzen 5 2500U with Radeon Vega Mobile Gfx|4|63|2025-08-28
mp_parser|1000000|2.547665729012806|AMD Ryzen 5 2500U with Radeon Vega Mobile Gfx|5|63|2025-08-28
mp_parser|1000000|2.593009489006363|AMD Ryzen 5 2500U with Radeon Vega Mobile Gfx|6|63|2025-08-28
mp_parser|1000000|2.462008230999345|AMD Ryzen 5 2500U with Radeon Vega Mobile Gfx|7|63|2025-08-28
mp_parser|1000000|2.5395555300056003|AMD Ryzen 5 2500U with Radeon Vega Mobile Gfx|8|63|2025-08-28
single_parser|1000000|4.878664809017209|AMD Ryzen 5 2500U with Radeon Vega Mobile Gfx|1|64|2025-08-28
mp_parser|1000000|5.667122626007767|AMD Ryzen 5 2500U with Radeon Vega Mobile Gfx|1|64|2025-08-28
mp_parser|1000000|3.554161820997251|AMD Ryzen 5 2500U with Radeon Vega Mobile Gfx|2|64|2025-08-28
mp_parser|1000000|3.4526707119948696|AMD Ryzen 5 2500U with Radeon Vega Mobile Gfx|3|64|2025-08-28
mp_parser|1000000|2.6063498790026642|AMD Ryzen 5 2500U with Radeon Vega Mobile Gfx|4|64|2025-08-28
mp_parser|1000000|2.5879909890063573|AMD Ryzen 5 2500U with Radeon Vega Mobile Gfx|5|64|2025-08-28
mp_parser|1000000|2.479126656020526|AMD Ryzen 5 2500U with Radeon Vega Mobile Gfx|6|64|2025-08-28
mp_parser|1000000|2.4466041479900014|AMD Ryzen 5 2500U with Radeon Vega Mobile Gfx|7|64|2025-08-28
mp_parser|1000000|2.575368576013716|AMD Ryzen 5 2500U with Radeon Vega Mobile Gfx|8|64|2025-08-28
single_parser|1000000|4.947088362998329|AMD Ryzen 5 2500U with Radeon Vega Mobile Gfx|1|65|2025-08-28
mp_parser|1000000|5.843518070993014|AMD Ryzen 5 2500U with Radeon Vega Mobile Gfx|1|65|2025-08-28
mp_parser|1000000|3.426003483007662|AMD Ryzen 5 2500U with Radeon Vega Mobile Gfx|2|65|2025-08-28
mp_parser|1000000|2.891049662983278|AMD Ryzen 5 2500U with Radeon Vega Mobile Gfx|3|65|2025-08-28
mp_parser|1000000|2.642107119987486|AMD Ryzen 5 2500U with Radeon Vega Mobile Gfx|4|65|2025-08-28
mp_parser|1000000|2.8859675360145047|AMD Ryzen 5 2500U with Radeon Vega Mobile Gfx|5|65|2025-08-28
mp_parser|1000000|2.4114074599929154|AMD Ryzen 5 2500U with Radeon Vega Mobile Gfx|6|65|2025-08-28
mp_parser|1000000|2.44465248301276|AMD Ryzen 5 2500U with Radeon Vega Mobile Gfx|7|65|2025-08-28
mp_parser|1000000|2.5010316359985154|AMD Ryzen 5 2500U with Radeon Vega Mobile Gfx|8|65|2025-08-28
single_parser|1000000|5.285293230001116|AMD Ryzen 5 2500U with Radeon Vega Mobile Gfx|1|66|2025-08-28
mp_parser|1000000|5.717139796994161|AMD Ryzen 5 2500U with Radeon Vega Mobile Gfx|1|66|2025-08-28
mp_parser|1000000|3.46196878401679|AMD Ryzen 5 2500U with Radeon Vega Mobile Gfx|2|66|2025-08-28
mp_parser|1000000|3.0730193399940617|AMD Ryzen 5 2500U with Radeon Vega Mobile Gfx|3|66|2025-08-28
mp_parser|1000000|3.1011254559853114|AMD Ryzen 5 2500U with Radeon Vega Mobile Gfx|4|66|2025-08-28
mp_parser|1000000|2.5753128409851342|AMD Ryzen 5 2500U with Radeon Vega Mobile Gfx|5|66|2025-08-28
mp_parser|1000000|2.42683319299249|AMD Ryzen 5 2500U with Radeon Vega Mobile Gfx|6|66|2025-08-28
mp_parser|1000000|2.466553830978228|AMD Ryzen 5 2500U with Radeon Vega Mobile Gfx|7|66|2025-08-28
mp_parser|1000000|2.509904997976264|AMD Ryzen 5 2500U with Radeon Vega Mobile Gfx|8|66|2025-08-28
single_parser|1000000|5.319374821003294|AMD Ryzen 5 2500U with Radeon Vega Mobile Gfx|1|67|2025-08-28
mp_parser|1000000|6.332926774979569|AMD Ryzen 5 2500U with Radeon Vega Mobile Gfx|1|67|2025-08-28
mp_parser|1000000|3.4928666960040573|AMD Ryzen 5 2500U with Radeon Vega Mobile Gfx|2|67|2025-08-28
mp_parser|1000000|2.8567579869995825|AMD Ryzen 5 2500U with Radeon Vega Mobile Gfx|3|67|2025-08-28
mp_parser|1000000|2.890612032992067|AMD Ryzen 5 2500U with Radeon Vega Mobile Gfx|4|67|2025-08-28
mp_parser|1000000|2.8549355280119926|AMD Ryzen 5 2500U with Radeon Vega Mobile Gfx|5|67|2025-08-28
mp_parser|1000000|2.505882585013751|AMD Ryzen 5 2500U with Radeon Vega Mobile Gfx|6|67|2025-08-28
mp_parser|1000000|2.480631681974046|AMD Ryzen 5 2500U with Radeon Vega Mobile Gfx|7|67|2025-08-28
mp_parser|1000000|2.47990274100448|AMD Ryzen 5 2500U with Radeon Vega Mobile Gfx|8|67|2025-08-28
single_parser|1000000|5.326144120976096|AMD Ryzen 5 2500U with Radeon Vega Mobile Gfx|1|68|2025-08-28
mp_parser|1000000|5.596132028003922|AMD Ryzen 5 2500U with Radeon Vega Mobile Gfx|1|68|2025-08-28
mp_parser|1000000|3.4930709839973133|AMD Ryzen 5 2500U with Radeon Vega Mobile Gfx|2|68|2025-08-28
mp_parser|1000000|2.889841324998997|AMD Ryzen 5 2500U with Radeon Vega Mobile Gfx|3|68|2025-08-28
mp_parser|1000000|2.645523724000668|AMD Ryzen 5 2500U with Radeon Vega Mobile Gfx|4|68|2025-08-28
mp_parser|1000000|2.7478444850130472|AMD Ryzen 5 2500U with Radeon Vega Mobile Gfx|5|68|2025-08-28
mp_parser|1000000|2.632177605992183|AMD Ryzen 5 2500U with Radeon Vega Mobile Gfx|6|68|2025-08-28
mp_parser|1000000|2.5517211770056747|AMD Ryzen 5 2500U with Radeon Vega Mobile Gfx|7|68|2025-08-28
mp_parser|1000000|2.564677504997235|AMD Ryzen 5 2500U with Radeon Vega Mobile Gfx|8|68|2025-08-28
single_parser|1000000|5.506130774971098|AMD Ryzen 5 2500U with Radeon Vega Mobile Gfx|1|69|2025-08-28
mp_parser|1000000|6.379691192996688|AMD Ryzen 5 2500U with Radeon Vega Mobile Gfx|1|69|2025-08-28
mp_parser|1000000|3.6117910759930965|AMD Ryzen 5 2500U with Radeon Vega Mobile Gfx|2|69|2025-08-28
mp_parser|1000000|3.748533628997393|AMD Ryzen 5 2500U with Radeon Vega Mobile Gfx|3|69|2025-08-28
mp_parser|1000000|2.685558301018318|AMD Ryzen 5 2500U with Radeon Vega Mobile Gfx|4|69|2025-08-28
mp_parser|1000000|2.971970471990062|AMD Ryzen 5 2500U with Radeon Vega Mobile Gfx|5|69|2025-08-28
mp_parser|1000000|2.7140779519977514|AMD Ryzen 5 2500U with Radeon Vega Mobile Gfx|6|69|2025-08-28
mp_parser|1000000|2.560036780021619|AMD Ryzen 5 2500U with Radeon Vega Mobile Gfx|7|69|2025-08-28
mp_parser|1000000|2.540948810026748|AMD Ryzen 5 2500U with Radeon Vega Mobile Gfx|8|69|2025-08-28
single_parser|1000000|5.3242173889884725|AMD Ryzen 5 2500U with Radeon Vega Mobile Gfx|1|70|2025-08-28
mp_parser|1000000|6.333605082007125|AMD Ryzen 5 2500U with Radeon Vega Mobile Gfx|1|70|2025-08-28
mp_parser|1000000|3.5513231600052677|AMD Ryzen 5 2500U with Radeon Vega Mobile Gfx|2|70|2025-08-28
mp_parser|1000000|2.9121952500136103|AMD Ryzen 5 2500U with Radeon Vega Mobile Gfx|3|70|2025-08-28
mp_parser|1000000|2.650835280015599|AMD Ryzen 5 2500U with Radeon Vega Mobile Gfx|4|70|2025-08-28
mp_parser|1000000|2.9102235389873385|AMD Ryzen 5 2500U with Radeon Vega Mobile Gfx|5|70|2025-08-28
mp_parser|1000000|2.6325084490235895|AMD Ryzen 5 2500U with Radeon Vega Mobile Gfx|6|70|2025-08-28
mp_parser|1000000|2.4779481420118827|AMD Ryzen 5 2500U with Radeon Vega Mobile Gfx|7|70|2025-08-28
mp_parser|1000000|2.4922797989856917|AMD Ryzen 5 2500U with Radeon Vega Mobile Gfx|8|70|2025-08-28
single_parser|1000000|5.4360208150174|AMD Ryzen 5 2500U with Radeon Vega Mobile Gfx|1|71|2025-08-28
mp_parser|1000000|6.187872320006136|AMD Ryzen 5 2500U with Radeon Vega Mobile Gfx|1|71|2025-08-28
mp_parser|1000000|3.582708219997585|AMD Ryzen 5 2500U with Radeon Vega Mobile Gfx|2|71|2025-08-28
mp_parser|1000000|3.0677017769776285|AMD Ryzen 5 2500U with Radeon Vega Mobile Gfx|3|71|2025-08-28
mp_parser|1000000|2.807203029980883|AMD Ryzen 5 2500U with Radeon Vega Mobile Gfx|4|71|2025-08-28
mp_parser|1000000|2.598148746008519|AMD Ryzen 5 2500U with Radeon Vega Mobile Gfx|5|71|2025-08-28
mp_parser|1000000|2.7514813000161666|AMD Ryzen 5 2500U with Radeon Vega Mobile Gfx|6|71|2025-08-28
mp_parser|1000000|2.4390133660053834|AMD Ryzen 5 2500U with Radeon Vega Mobile Gfx|7|71|2025-08-28
mp_parser|1000000|2.5431004330166616|AMD Ryzen 5 2500U with Radeon Vega Mobile Gfx|8|71|2025-08-28
single_parser|1000000|5.30357543300488|AMD Ryzen 5 2500U with Radeon Vega Mobile Gfx|1|72|2025-08-28
mp_parser|1000000|6.314784256013809|AMD Ryzen 5 2500U with Radeon Vega Mobile Gfx|1|72|2025-08-28
mp_parser|1000000|3.5894827590091154|AMD Ryzen 5 2500U with Radeon Vega Mobile Gfx|2|72|2025-08-28
mp_parser|1000000|2.8788840869965497|AMD Ryzen 5 2500U with Radeon Vega Mobile Gfx|3|72|2025-08-28
mp_parser|1000000|2.7393321359995753|AMD Ryzen 5 2500U with Radeon Vega Mobile Gfx|4|72|2025-08-28
mp_parser|1000000|2.7549551039992366|AMD Ryzen 5 2500U with Radeon Vega Mobile Gfx|5|72|2025-08-28
mp_parser|1000000|2.801573411998106|AMD Ryzen 5 2500U with Radeon Vega Mobile Gfx|6|72|2025-08-28
mp_parser|1000000|2.5254700660007074|AMD Ryzen 5 2500U with Radeon Vega Mobile Gfx|7|72|2025-08-28
mp_parser|1000000|2.661340989987366|AMD Ryzen 5 2500U with Radeon Vega Mobile Gfx|8|72|2025-08-28
single_parser|1000000|5.313500896008918|AMD Ryzen 5 2500U with Radeon Vega Mobile Gfx|1|73|2025-08-28
mp_parser|1000000|6.351479267992545|AMD Ryzen 5 2500U with Radeon Vega Mobile Gfx|1|73|2025-08-28
mp_parser|1000000|3.593535274005262|AMD Ryzen 5 2500U with Radeon Vega Mobile Gfx|2|73|2025-08-28
mp_parser|1000000|2.8365053300221916|AMD Ryzen 5 2500U with Radeon Vega Mobile Gfx|3|73|2025-08-28
mp_parser|1000000|2.983310026989784|AMD Ryzen 5 2500U with Radeon Vega Mobile Gfx|4|73|2025-08-28
mp_parser|1000000|2.7649015189963393|AMD Ryzen 5 2500U with Radeon Vega Mobile Gfx|5|73|2025-08-28
mp_parser|1000000|2.7574505600205157|AMD Ryzen 5 2500U with Radeon Vega Mobile Gfx|6|73|2025-08-28
mp_parser|1000000|2.526346653990913|AMD Ryzen 5 2500U with Radeon Vega Mobile Gfx|7|73|2025-08-28
mp_parser|1000000|2.5264044129871763|AMD Ryzen 5 2500U with Radeon Vega Mobile Gfx|8|73|2025-08-28
single_parser|1000000|5.341197178000584|AMD Ryzen 5 2500U with Radeon Vega Mobile Gfx|1|74|2025-08-28
mp_parser|1000000|6.346999808010878|AMD Ryzen 5 2500U with Radeon Vega Mobile Gfx|1|74|2025-08-28
mp_parser|1000000|3.6057347930036485|AMD Ryzen 5 2500U with Radeon Vega Mobile Gfx|2|74|2025-08-28
mp_parser|1000000|2.891687041003024|AMD Ryzen 5 2500U with Radeon Vega Mobile Gfx|3|74|2025-08-28
mp_parser|1000000|2.7606655989948194|AMD Ryzen 5 2500U with Radeon Vega Mobile Gfx|4|74|2025-08-28
mp_parser|1000000|2.6348266459826846|AMD Ryzen 5 2500U with Radeon Vega Mobile Gfx|5|74|2025-08-28
mp_parser|1000000|2.8328144569823053|AMD Ryzen 5 2500U with Radeon Vega Mobile Gfx|6|74|2025-08-28
mp_parser|1000000|2.8041127279866487|AMD Ryzen 5 2500U with Radeon Vega Mobile Gfx|7|74|2025-08-28
mp_parser|1000000|2.5548272620071657|AMD Ryzen 5 2500U with Radeon Vega Mobile Gfx|8|74|2025-08-28
single_parser|1000000|5.3354819340165704|AMD Ryzen 5 2500U with Radeon Vega Mobile Gfx|1|75|2025-08-28
mp_parser|1000000|6.30661762598902|AMD Ryzen 5 2500U with Radeon Vega Mobile Gfx|1|75|2025-08-28
mp_parser|1000000|3.5849976419995073|AMD Ryzen 5 2500U with Radeon Vega Mobile Gfx|2|75|2025-08-28
mp_parser|1000000|3.2484886790043674|AMD Ryzen 5 2500U with Radeon Vega Mobile Gfx|3|75|2025-08-28
mp_parser|1000000|3.0494208309974056|AMD Ryzen 5 2500U with Radeon Vega Mobile Gfx|4|75|2025-08-28
mp_parser|1000000|2.5948555540235247|AMD Ryzen 5 2500U with Radeon Vega Mobile Gfx|5|75|2025-08-28
mp_parser|1000000|2.775722844991833|AMD Ryzen 5 2500U with Radeon Vega Mobile Gfx|6|75|2025-08-28
mp_parser|1000000|2.6002674750052392|AMD Ryzen 5 2500U with Radeon Vega Mobile Gfx|7|75|2025-08-28
mp_parser|1000000|2.4556364020099863|AMD Ryzen 5 2500U with Radeon Vega Mobile Gfx|8|75|2025-08-28
single_parser|1000000|5.336982698994689|AMD Ryzen 5 2500U with Radeon Vega Mobile Gfx|1|76|2025-08-28
mp_parser|1000000|6.436017684987746|AMD Ryzen 5 2500U with Radeon Vega Mobile Gfx|1|76|2025-08-28
mp_parser|1000000|3.555263299989747|AMD Ryzen 5 2500U with Radeon Vega Mobile Gfx|2|76|2025-08-28
mp_parser|1000000|2.8896139200078323|AMD Ryzen 5 2500U with Radeon Vega Mobile Gfx|3|76|2025-08-28
mp_parser|1000000|2.983569069998339|AMD Ryzen 5 2500U with Radeon Vega Mobile Gfx|4|76|2025-08-28
mp_parser|1000000|2.8621203190123197|AMD Ryzen 5 2500U with Radeon Vega Mobile Gfx|5|76|2025-08-28
mp_parser|1000000|2.68671495502349|AMD Ryzen 5 2500U with Radeon Vega Mobile Gfx|6|76|2025-08-28
mp_parser|1000000|2.6284113049914595|AMD Ryzen 5 2500U with Radeon Vega Mobile Gfx|7|76|2025-08-28
mp_parser|1000000|2.542186689999653|AMD Ryzen 5 2500U with Radeon Vega Mobile Gfx|8|76|2025-08-28
single_parser|1000000|5.383176019007806|AMD Ryzen 5 2500U with Radeon Vega Mobile Gfx|1|77|2025-08-28
mp_parser|1000000|6.314187804993708|AMD Ryzen 5 2500U with Radeon Vega Mobile Gfx|1|77|2025-08-28
mp_parser|1000000|3.566077221999876|AMD Ryzen 5 2500U with Radeon Vega Mobile Gfx|2|77|2025-08-28
mp_parser|1000000|2.8950059350172523|AMD Ryzen 5 2500U with Radeon Vega Mobile Gfx|3|77|2025-08-28
mp_parser|1000000|2.8036881589796394|AMD Ryzen 5 2500U with Radeon Vega Mobile Gfx|4|77|2025-08-28
mp_parser|1000000|2.493551622988889|AMD Ryzen 5 2500U with Radeon Vega Mobile Gfx|5|77|2025-08-28
mp_parser|1000000|2.5059524970129132|AMD Ryzen 5 2500U with Radeon Vega Mobile Gfx|6|77|2025-08-28
mp_parser|1000000|2.5175141490180977|AMD Ryzen 5 2500U with Radeon Vega Mobile Gfx|7|77|2025-08-28
mp_parser|1000000|2.6096464230213314|AMD Ryzen 5 2500U with Radeon Vega Mobile Gfx|8|77|2025-08-28
single_parser|1000000|5.38886947199353|AMD Ryzen 5 2500U with Radeon Vega Mobile Gfx|1|78|2025-08-28
mp_parser|1000000|6.451119282020954|AMD Ryzen 5 2500U with Radeon Vega Mobile Gfx|1|78|2025-08-28
mp_parser|1000000|3.8767620190046728|AMD Ryzen 5 2500U with Radeon Vega Mobile Gfx|2|78|2025-08-28
mp_parser|1000000|3.1271986789943185|AMD Ryzen 5 2500U with Radeon Vega Mobile Gfx|3|78|2025-08-28
mp_parser|1000000|2.6857155860052444|AMD Ryzen 5 2500U with Radeon Vega Mobile Gfx|4|78|2025-08-28
mp_parser|1000000|2.758790060004685|AMD Ryzen 5 2500U with Radeon Vega Mobile Gfx|5|78|2025-08-28
mp_parser|1000000|2.650489841995295|AMD Ryzen 5 2500U with Radeon Vega Mobile Gfx|6|78|2025-08-28
mp_parser|1000000|2.575967540993588|AMD Ryzen 5 2500U with Radeon Vega Mobile Gfx|7|78|2025-08-28
mp_parser|1000000|2.654518819996156|AMD Ryzen 5 2500U with Radeon Vega Mobile Gfx|8|78|2025-08-28
single_parser|1000000|5.384025926003233|AMD Ryzen 5 2500U with Radeon Vega Mobile Gfx|1|79|2025-08-28
mp_parser|1000000|6.509022109996295|AMD Ryzen 5 2500U with Radeon Vega Mobile Gfx|1|79|2025-08-28
mp_parser|1000000|3.576352803996997|AMD Ryzen 5 2500U with Radeon Vega Mobile Gfx|2|79|2025-08-28
mp_parser|1000000|2.922569307993399|AMD Ryzen 5 2500U with Radeon Vega Mobile Gfx|3|79|2025-08-28
mp_parser|1000000|2.6849061159882694|AMD Ryzen 5 2500U with Radeon Vega Mobile Gfx|4|79|2025-08-28
mp_parser|1000000|2.5653264760039747|AMD Ryzen 5 2500U with Radeon Vega Mobile Gfx|5|79|2025-08-28
mp_parser|1000000|2.772089940990554|AMD Ryzen 5 2500U with Radeon Vega Mobile Gfx|6|79|2025-08-28
mp_parser|1000000|2.4915590989985503|AMD Ryzen 5 2500U with Radeon Vega Mobile Gfx|7|79|2025-08-28
mp_parser|1000000|2.5166092759754974|AMD Ryzen 5 2500U with Radeon Vega Mobile Gfx|8|79|2025-08-28
single_parser|1000000|5.2786524390103295|AMD Ryzen 5 2500U with Radeon Vega Mobile Gfx|1|80|2025-08-28
mp_parser|1000000|6.377947447006591|AMD Ryzen 5 2500U with Radeon Vega Mobile Gfx|1|80|2025-08-28
mp_parser|1000000|3.657994523004163|AMD Ryzen 5 2500U with Radeon Vega Mobile Gfx|2|80|2025-08-28
mp_parser|1000000|2.922177982982248|AMD Ryzen 5 2500U with Radeon Vega Mobile Gfx|3|80|2025-08-28
mp_parser|1000000|2.7650181549834087|AMD Ryzen 5 2500U with Radeon Vega Mobile Gfx|4|80|2025-08-28
mp_parser|1000000|2.7207383679924533|AMD Ryzen 5 2500U with Radeon Vega Mobile Gfx|5|80|2025-08-28
mp_parser|1000000|2.5160503999795765|AMD Ryzen 5 2500U with Radeon Vega Mobile Gfx|6|80|2025-08-28
mp_parser|1000000|2.518158652004786|AMD Ryzen 5 2500U with Radeon Vega Mobile Gfx|7|80|2025-08-28
mp_parser|1000000|2.569109750998905|AMD Ryzen 5 2500U with Radeon Vega Mobile Gfx|8|80|2025-08-28
single_parser|1000000|5.2887194709910545|AMD Ryzen 5 2500U with Radeon Vega Mobile Gfx|1|81|2025-08-28
mp_parser|1000000|6.327508988993941|AMD Ryzen 5 2500U with Radeon Vega Mobile Gfx|1|81|2025-08-28
mp_parser|1000000|3.6973670680017676|AMD Ryzen 5 2500U with Radeon Vega Mobile Gfx|2|81|2025-08-28
mp_parser|1000000|2.860431887995219|AMD Ryzen 5 2500U with Radeon Vega Mobile Gfx|3|81|2025-08-28
mp_parser|1000000|2.7254388080036733|AMD Ryzen 5 2500U with Radeon Vega Mobile Gfx|4|81|2025-08-28
mp_parser|1000000|2.5498626100015827|AMD Ryzen 5 2500U with Radeon Vega Mobile Gfx|5|81|2025-08-28
mp_parser|1000000|2.52721129800193|AMD Ryzen 5 2500U with Radeon Vega Mobile Gfx|6|81|2025-08-28
mp_parser|1000000|2.673205198982032|AMD Ryzen 5 2500U with Radeon Vega Mobile Gfx|7|81|2025-08-28
mp_parser|1000000|2.5203779519943055|AMD Ryzen 5 2500U with Radeon Vega Mobile Gfx|8|81|2025-08-28
single_parser|1000000|5.320071634982014|AMD Ryzen 5 2500U with Radeon Vega Mobile Gfx|1|82|2025-08-28
mp_parser|1000000|6.339588030008599|AMD Ryzen 5 2500U with Radeon Vega Mobile Gfx|1|82|2025-08-28
mp_parser|1000000|3.671514895017026|AMD Ryzen 5 2500U with Radeon Vega Mobile Gfx|2|82|2025-08-28
mp_parser|1000000|2.953482863988029|AMD Ryzen 5 2500U with Radeon Vega Mobile Gfx|3|82|2025-08-28
mp_parser|1000000|2.739713054994354|AMD Ryzen 5 2500U with Radeon Vega Mobile Gfx|4|82|2025-08-28
mp_parser|1000000|3.0052487409848254|AMD Ryzen 5 2500U with Radeon Vega Mobile Gfx|5|82|2025-08-28
mp_parser|1000000|2.745964895992074|AMD Ryzen 5 2500U with Radeon Vega Mobile Gfx|6|82|2025-08-28
mp_parser|1000000|2.4416240620194003|AMD Ryzen 5 2500U with Radeon Vega Mobile Gfx|7|82|2025-08-28
mp_parser|1000000|2.4719049879931845|AMD Ryzen 5 2500U with Radeon Vega Mobile Gfx|8|82|2025-08-28
single_parser|1000000|5.319593635998899|AMD Ryzen 5 2500U with Radeon Vega Mobile Gfx|1|83|2025-08-28
mp_parser|1000000|6.34349338899483|AMD Ryzen 5 2500U with Radeon Vega Mobile Gfx|1|83|2025-08-28
mp_parser|1000000|3.653287168999668|AMD Ryzen 5 2500U with Radeon Vega Mobile Gfx|2|83|2025-08-28
mp_parser|1000000|2.872540262993425|AMD Ryzen 5 2500U with Radeon Vega Mobile Gfx|3|83|2025-08-28
mp_parser|1000000|3.107238380005583|AMD Ryzen 5 2500U with Radeon Vega Mobile Gfx|4|83|2025-08-28
mp_parser|1000000|2.7789507349953055|AMD Ryzen 5 2500U with Radeon Vega Mobile Gfx|5|83|2025-08-28
mp_parser|1000000|2.504354649980087|AMD Ryzen 5 2500U with Radeon Vega Mobile Gfx|6|83|2025-08-28
mp_parser|1000000|2.6114446469873656|AMD Ryzen 5 2500U with Radeon Vega Mobile Gfx|7|83|2025-08-28
mp_parser|1000000|2.7242002979910467|AMD Ryzen 5 2500U with Radeon Vega Mobile Gfx|8|83|2025-08-28
single_parser|1000000|5.427546599996276|AMD Ryzen 5 2500U with Radeon Vega Mobile Gfx|1|84|2025-08-28
mp_parser|1000000|6.343527749995701|AMD Ryzen 5 2500U with Radeon Vega Mobile Gfx|1|84|2025-08-28
mp_parser|1000000|3.581284001003951|AMD Ryzen 5 2500U with Radeon Vega Mobile Gfx|2|84|2025-08-28
mp_parser|1000000|2.89115847699577|AMD Ryzen 5 2500U with Radeon Vega Mobile Gfx|3|84|2025-08-28
mp_parser|1000000|3.009111285005929|AMD Ryzen 5 2500U with Radeon Vega Mobile Gfx|4|84|2025-08-28
mp_parser|1000000|2.7272651070088614|AMD Ryzen 5 2500U with Radeon Vega Mobile Gfx|5|84|2025-08-28
mp_parser|1000000|2.729055856994819|AMD Ryzen 5 2500U with Radeon Vega Mobile Gfx|6|84|2025-08-28
mp_parser|1000000|2.5513408870028798|AMD Ryzen 5 2500U with Radeon Vega Mobile Gfx|7|84|2025-08-28
mp_parser|1000000|2.503927078010747|AMD Ryzen 5 2500U with Radeon Vega Mobile Gfx|8|84|2025-08-28
single_parser|1000000|5.293589580018306|AMD Ryzen 5 2500U with Radeon Vega Mobile Gfx|1|85|2025-08-28
mp_parser|1000000|6.47289874200942|AMD Ryzen 5 2500U with Radeon Vega Mobile Gfx|1|85|2025-08-28
mp_parser|1000000|3.5740681029856205|AMD Ryzen 5 2500U with Radeon Vega Mobile Gfx|2|85|2025-08-28
mp_parser|1000000|2.9195790409867186|AMD Ryzen 5 2500U with Radeon Vega Mobile Gfx|3|85|2025-08-28
mp_parser|1000000|2.771727445011493|AMD Ryzen 5 2500U with Radeon Vega Mobile Gfx|4|85|2025-08-28
mp_parser|1000000|2.5387447999964934|AMD Ryzen 5 2500U with Radeon Vega Mobile Gfx|5|85|2025-08-28
mp_parser|1000000|2.5513904039980844|AMD Ryzen 5 2500U with Radeon Vega Mobile Gfx|6|85|2025-08-28
mp_parser|1000000|2.6907100930111483|AMD Ryzen 5 2500U with Radeon Vega Mobile Gfx|7|85|2025-08-28
mp_parser|1000000|2.5499588509846944|AMD Ryzen 5 2500U with Radeon Vega Mobile Gfx|8|85|2025-08-28
single_parser|1000000|5.408494043018436|AMD Ryzen 5 2500U with Radeon Vega Mobile Gfx|1|86|2025-08-28
mp_parser|1000000|6.323278674972244|AMD Ryzen 5 2500U with Radeon Vega Mobile Gfx|1|86|2025-08-28
mp_parser|1000000|3.5910533429996576|AMD Ryzen 5 2500U with Radeon Vega Mobile Gfx|2|86|2025-08-28
mp_parser|1000000|2.9951304830028675|AMD Ryzen 5 2500U with Radeon Vega Mobile Gfx|3|86|2025-08-28
mp_parser|1000000|3.05522413001745|AMD Ryzen 5 2500U with Radeon Vega Mobile Gfx|4|86|2025-08-28
mp_parser|1000000|2.905709524988197|AMD Ryzen 5 2500U with Radeon Vega Mobile Gfx|5|86|2025-08-28
mp_parser|1000000|2.772000876982929|AMD Ryzen 5 2500U with Radeon Vega Mobile Gfx|6|86|2025-08-28
mp_parser|1000000|2.6114422859973274|AMD Ryzen 5 2500U with Radeon Vega Mobile Gfx|7|86|2025-08-28
mp_parser|1000000|2.537520679004956|AMD Ryzen 5 2500U with Radeon Vega Mobile Gfx|8|86|2025-08-28
single_parser|1000000|5.569080221990589|AMD Ryzen 5 2500U with Radeon Vega Mobile Gfx|1|87|2025-08-28
mp_parser|1000000|6.527911658980884|AMD Ryzen 5 2500U with Radeon Vega Mobile Gfx|1|87|2025-08-28
mp_parser|1000000|3.6510960049927235|AMD Ryzen 5 2500U with Radeon Vega Mobile Gfx|2|87|2025-08-28
mp_parser|1000000|2.884453372011194|AMD Ryzen 5 2500U with Radeon Vega Mobile Gfx|3|87|2025-08-28
mp_parser|1000000|2.9859090249810833|AMD Ryzen 5 2500U with Radeon Vega Mobile Gfx|4|87|2025-08-28
mp_parser|1000000|2.7863641059957445|AMD Ryzen 5 2500U with Radeon Vega Mobile Gfx|5|87|2025-08-28
mp_parser|1000000|2.6999585799931083|AMD Ryzen 5 2500U with Radeon Vega Mobile Gfx|6|87|2025-08-28
mp_parser|1000000|2.5665505320066586|AMD Ryzen 5 2500U with Radeon Vega Mobile Gfx|7|87|2025-08-28
mp_parser|1000000|2.488524935004534|AMD Ryzen 5 2500U with Radeon Vega Mobile Gfx|8|87|2025-08-28
single_parser|1000000|5.587830232019769|AMD Ryzen 5 2500U with Radeon Vega Mobile Gfx|1|88|2025-08-28
mp_parser|1000000|6.342151816992555|AMD Ryzen 5 2500U with Radeon Vega Mobile Gfx|1|88|2025-08-28
mp_parser|1000000|3.601296100008767|AMD Ryzen 5 2500U with Radeon Vega Mobile Gfx|2|88|2025-08-28
mp_parser|1000000|2.8807327459799126|AMD Ryzen 5 2500U with Radeon Vega Mobile Gfx|3|88|2025-08-28
mp_parser|1000000|2.98092530600843|AMD Ryzen 5 2500U with Radeon Vega Mobile Gfx|4|88|2025-08-28
mp_parser|1000000|3.0300932789978106|AMD Ryzen 5 2500U with Radeon Vega Mobile Gfx|5|88|2025-08-28
mp_parser|1000000|2.496922814025311|AMD Ryzen 5 2500U with Radeon Vega Mobile Gfx|6|88|2025-08-28
mp_parser|1000000|2.6891297769907396|AMD Ryzen 5 2500U with Radeon Vega Mobile Gfx|7|88|2025-08-28
mp_parser|1000000|2.627800414018566|AMD Ryzen 5 2500U with Radeon Vega Mobile Gfx|8|88|2025-08-28
single_parser|1000000|5.319851055974141|AMD Ryzen 5 2500U with Radeon Vega Mobile Gfx|1|89|2025-08-28
mp_parser|1000000|6.368885194009636|AMD Ryzen 5 2500U with Radeon Vega Mobile Gfx|1|89|2025-08-28
mp_parser|1000000|3.509008195018396|AMD Ryzen 5 2500U with Radeon Vega Mobile Gfx|2|89|2025-08-28
mp_parser|1000000|3.187793374992907|AMD Ryzen 5 2500U with Radeon Vega Mobile Gfx|3|89|2025-08-28
mp_parser|1000000|2.6704554070020095|AMD Ryzen 5 2500U with Radeon Vega Mobile Gfx|4|89|2025-08-28
mp_parser|1000000|2.60803329499322|AMD Ryzen 5 2500U with Radeon Vega Mobile Gfx|5|89|2025-08-28
mp_parser|1000000|2.478074467013357|AMD Ryzen 5 2500U with Radeon Vega Mobile Gfx|6|89|2025-08-28
mp_parser|1000000|2.6651686409895774|AMD Ryzen 5 2500U with Radeon Vega Mobile Gfx|7|89|2025-08-28
mp_parser|1000000|2.5511002800194547|AMD Ryzen 5 2500U with Radeon Vega Mobile Gfx|8|89|2025-08-28
single_parser|1000000|5.379510146012763|AMD Ryzen 5 2500U with Radeon Vega Mobile Gfx|1|90|2025-08-28
mp_parser|1000000|6.368325757997809|AMD Ryzen 5 2500U with Radeon Vega Mobile Gfx|1|90|2025-08-28
mp_parser|1000000|3.738235292985337|AMD Ryzen 5 2500U with Radeon Vega Mobile Gfx|2|90|2025-08-28
mp_parser|1000000|2.952200243016705|AMD Ryzen 5 2500U with Radeon Vega Mobile Gfx|3|90|2025-08-28
mp_parser|1000000|2.760223059973214|AMD Ryzen 5 2500U with Radeon Vega Mobile Gfx|4|90|2025-08-28
mp_parser|1000000|2.6384150810190476|AMD Ryzen 5 2500U with Radeon Vega Mobile Gfx|5|90|2025-08-28
mp_parser|1000000|2.7650246319826692|AMD Ryzen 5 2500U with Radeon Vega Mobile Gfx|6|90|2025-08-28
mp_parser|1000000|2.7970461009826977|AMD Ryzen 5 2500U with Radeon Vega Mobile Gfx|7|90|2025-08-28
mp_parser|1000000|2.524301042984007|AMD Ryzen 5 2500U with Radeon Vega Mobile Gfx|8|90|2025-08-28
single_parser|1000000|5.344772449985612|AMD Ryzen 5 2500U with Radeon Vega Mobile Gfx|1|91|2025-08-28
mp_parser|1000000|6.3809826070209965|AMD Ryzen 5 2500U with Radeon Vega Mobile Gfx|1|91|2025-08-28
mp_parser|1000000|3.575454746984178|AMD Ryzen 5 2500U with Radeon Vega Mobile Gfx|2|91|2025-08-28
mp_parser|1000000|2.875485861004563|AMD Ryzen 5 2500U with Radeon Vega Mobile Gfx|3|91|2025-08-28
mp_parser|1000000|2.6815841799834743|AMD Ryzen 5 2500U with Radeon Vega Mobile Gfx|4|91|2025-08-28
mp_parser|1000000|2.690387003996875|AMD Ryzen 5 2500U with Radeon Vega Mobile Gfx|5|91|2025-08-28
mp_parser|1000000|2.546546577999834|AMD Ryzen 5 2500U with Radeon Vega Mobile Gfx|6|91|2025-08-28
mp_parser|1000000|2.5038644860032946|AMD Ryzen 5 2500U with Radeon Vega Mobile Gfx|7|91|2025-08-28
mp_parser|1000000|2.6408651399833616|AMD Ryzen 5 2500U with Radeon Vega Mobile Gfx|8|91|2025-08-28
single_parser|1000000|5.396149109990802|AMD Ryzen 5 2500U with Radeon Vega Mobile Gfx|1|92|2025-08-28
mp_parser|1000000|6.32550991998869|AMD Ryzen 5 2500U with Radeon Vega Mobile Gfx|1|92|2025-08-28
mp_parser|1000000|3.557436752016656|AMD Ryzen 5 2500U with Radeon Vega Mobile Gfx|2|92|2025-08-28
mp_parser|1000000|2.865978960006032|AMD Ryzen 5 2500U with Radeon Vega Mobile Gfx|3|92|2025-08-28
mp_parser|1000000|2.731412441993598|AMD Ryzen 5 2500U with Radeon Vega Mobile Gfx|4|92|2025-08-28
mp_parser|1000000|2.553173821012024|AMD Ryzen 5 2500U with Radeon Vega Mobile Gfx|5|92|2025-08-28
mp_parser|1000000|2.756920857995283|AMD Ryzen 5 2500U with Radeon Vega Mobile Gfx|6|92|2025-08-28
mp_parser|1000000|2.8421013549959753|AMD Ryzen 5 2500U with Radeon Vega Mobile Gfx|7|92|2025-08-28
mp_parser|1000000|2.512772493006196|AMD Ryzen 5 2500U with Radeon Vega Mobile Gfx|8|92|2025-08-28
single_parser|1000000|5.533388762996765|AMD Ryzen 5 2500U with Radeon Vega Mobile Gfx|1|93|2025-08-28
mp_parser|1000000|6.584469620982418|AMD Ryzen 5 2500U with Radeon Vega Mobile Gfx|1|93|2025-08-28
mp_parser|1000000|3.6988880910212174|AMD Ryzen 5 2500U with Radeon Vega Mobile Gfx|2|93|2025-08-28
mp_parser|1000000|3.163723984005628|AMD Ryzen 5 2500U with Radeon Vega Mobile Gfx|3|93|2025-08-28
mp_parser|1000000|3.167776499991305|AMD Ryzen 5 2500U with Radeon Vega Mobile Gfx|4|93|2025-08-28
mp_parser|1000000|2.608383901999332|AMD Ryzen 5 2500U with Radeon Vega Mobile Gfx|5|93|2025-08-28
mp_parser|1000000|2.636152477003634|AMD Ryzen 5 2500U with Radeon Vega Mobile Gfx|6|93|2025-08-28
mp_parser|1000000|2.6321056179876905|AMD Ryzen 5 2500U with Radeon Vega Mobile Gfx|7|93|2025-08-28
mp_parser|1000000|2.6306702950096224|AMD Ryzen 5 2500U with Radeon Vega Mobile Gfx|8|93|2025-08-28
single_parser|1000000|5.487025366019225|AMD Ryzen 5 2500U with Radeon Vega Mobile Gfx|1|94|2025-08-28
mp_parser|1000000|6.6118422629951965|AMD Ryzen 5 2500U with Radeon Vega Mobile Gfx|1|94|2025-08-28
mp_parser|1000000|3.7065045070194174|AMD Ryzen 5 2500U with Radeon Vega Mobile Gfx|2|94|2025-08-28
mp_parser|1000000|3.301364042010391|AMD Ryzen 5 2500U with Radeon Vega Mobile Gfx|3|94|2025-08-28
mp_parser|1000000|2.841708911990281|AMD Ryzen 5 2500U with Radeon Vega Mobile Gfx|4|94|2025-08-28
mp_parser|1000000|2.6488739299820736|AMD Ryzen 5 2500U with Radeon Vega Mobile Gfx|5|94|2025-08-28
mp_parser|1000000|2.5707651510019787|AMD Ryzen 5 2500U with Radeon Vega Mobile Gfx|6|94|2025-08-28
mp_parser|1000000|2.575194813980488|AMD Ryzen 5 2500U with Radeon Vega Mobile Gfx|7|94|2025-08-28
mp_parser|1000000|2.6463024849945214|AMD Ryzen 5 2500U with Radeon Vega Mobile Gfx|8|94|2025-08-28
single_parser|1000000|5.548673488985514|AMD Ryzen 5 2500U with Radeon Vega Mobile Gfx|1|95|2025-08-28
mp_parser|1000000|6.449370068992721|AMD Ryzen 5 2500U with Radeon Vega Mobile Gfx|1|95|2025-08-28
mp_parser|1000000|3.6676971839915495|AMD Ryzen 5 2500U with Radeon Vega Mobile Gfx|2|95|2025-08-28
mp_parser|1000000|3.274714266008232|AMD Ryzen 5 2500U with Radeon Vega Mobile Gfx|3|95|2025-08-28
mp_parser|1000000|2.700208056019619|AMD Ryzen 5 2500U with Radeon Vega Mobile Gfx|4|95|2025-08-28
mp_parser|1000000|2.8828539889946114|AMD Ryzen 5 2500U with Radeon Vega Mobile Gfx|5|95|2025-08-28
mp_parser|1000000|2.736186705005821|AMD Ryzen 5 2500U with Radeon Vega Mobile Gfx|6|95|2025-08-28
mp_parser|1000000|2.4717339950148016|AMD Ryzen 5 2500U with Radeon Vega Mobile Gfx|7|95|2025-08-28
mp_parser|1000000|2.5768732580181677|AMD Ryzen 5 2500U with Radeon Vega Mobile Gfx|8|95|2025-08-28
single_parser|1000000|5.334765829000389|AMD Ryzen 5 2500U with Radeon Vega Mobile Gfx|1|96|2025-08-28
mp_parser|1000000|6.52793303100043|AMD Ryzen 5 2500U with Radeon Vega Mobile Gfx|1|96|2025-08-28
mp_parser|1000000|3.681190739996964|AMD Ryzen 5 2500U with Radeon Vega Mobile Gfx|2|96|2025-08-28
mp_parser|1000000|2.9952983830007724|AMD Ryzen 5 2500U with Radeon Vega Mobile Gfx|3|96|2025-08-28
mp_parser|1000000|2.8401404689939227|AMD Ryzen 5 2500U with Radeon Vega Mobile Gfx|4|96|2025-08-28
mp_parser|1000000|2.7311789589875843|AMD Ryzen 5 2500U with Radeon Vega Mobile Gfx|5|96|2025-08-28
mp_parser|1000000|2.675053529004799|AMD Ryzen 5 2500U with Radeon Vega Mobile Gfx|6|96|2025-08-28
mp_parser|1000000|2.896636691992171|AMD Ryzen 5 2500U with Radeon Vega Mobile Gfx|7|96|2025-08-28
mp_parser|1000000|2.646542043017689|AMD Ryzen 5 2500U with Radeon Vega Mobile Gfx|8|96|2025-08-28
single_parser|1000000|5.4401708410005085|AMD Ryzen 5 2500U with Radeon Vega Mobile Gfx|1|97|2025-08-28
mp_parser|1000000|6.547565913002472|AMD Ryzen 5 2500U with Radeon Vega Mobile Gfx|1|97|2025-08-28
mp_parser|1000000|3.7190097289858386|AMD Ryzen 5 2500U with Radeon Vega Mobile Gfx|2|97|2025-08-28
mp_parser|1000000|3.310455033002654|AMD Ryzen 5 2500U with Radeon Vega Mobile Gfx|3|97|2025-08-28
mp_parser|1000000|2.8874996730010025|AMD Ryzen 5 2500U with Radeon Vega Mobile Gfx|4|97|2025-08-28
mp_parser|1000000|2.599617744999705|AMD Ryzen 5 2500U with Radeon Vega Mobile Gfx|5|97|2025-08-28
mp_parser|1000000|2.790613367978949|AMD Ryzen 5 2500U with Radeon Vega Mobile Gfx|6|97|2025-08-28
mp_parser|1000000|2.6978820350195747|AMD Ryzen 5 2500U with Radeon Vega Mobile Gfx|7|97|2025-08-28
mp_parser|1000000|2.4778170289937407|AMD Ryzen 5 2500U with Radeon Vega Mobile Gfx|8|97|2025-08-28
single_parser|1000000|5.425344978022622|AMD Ryzen 5 2500U with Radeon Vega Mobile Gfx|1|98|2025-08-28
mp_parser|1000000|6.329651834006654|AMD Ryzen 5 2500U with Radeon Vega Mobile Gfx|1|98|2025-08-28
mp_parser|1000000|3.655128267011605|AMD Ryzen 5 2500U with Radeon Vega Mobile Gfx|2|98|2025-08-28
mp_parser|1000000|2.884706129989354|AMD Ryzen 5 2500U with Radeon Vega Mobile Gfx|3|98|2025-08-28
mp_parser|1000000|3.1505966800032184|AMD Ryzen 5 2500U with Radeon Vega Mobile Gfx|4|98|2025-08-28
mp_parser|1000000|2.8683650429884437|AMD Ryzen 5 2500U with Radeon Vega Mobile Gfx|5|98|2025-08-28
mp_parser|1000000|2.7704787389957346|AMD Ryzen 5 2500U with Radeon Vega Mobile Gfx|6|98|2025-08-28
mp_parser|1000000|2.5285529579850845|AMD Ryzen 5 2500U with Radeon Vega Mobile Gfx|7|98|2025-08-28
mp_parser|1000000|2.4810239670041483|AMD Ryzen 5 2500U with Radeon Vega Mobile Gfx|8|98|2025-08-28
single_parser|1000000|5.393353332008701|AMD Ryzen 5 2500U with Radeon Vega Mobile Gfx|1|99|2025-08-28
mp_parser|1000000|6.333343196980422|AMD Ryzen 5 2500U with Radeon Vega Mobile Gfx|1|99|2025-08-28
mp_parser|1000000|3.698361340997508|AMD Ryzen 5 2500U with Radeon Vega Mobile Gfx|2|99|2025-08-28
mp_parser|1000000|3.1630336649832316|AMD Ryzen 5 2500U with Radeon Vega Mobile Gfx|3|99|2025-08-28
mp_parser|1000000|2.943824432994006|AMD Ryzen 5 2500U with Radeon Vega Mobile Gfx|4|99|2025-08-28
mp_parser|1000000|2.5495499259850476|AMD Ryzen 5 2500U with Radeon Vega Mobile Gfx|5|99|2025-08-28
mp_parser|1000000|2.7599374760175124|AMD Ryzen 5 2500U with Radeon Vega Mobile Gfx|6|99|2025-08-28
mp_parser|1000000|2.522315084002912|AMD Ryzen 5 2500U with Radeon Vega Mobile Gfx|7|99|2025-08-28
mp_parser|1000000|2.4792149879795033|AMD Ryzen 5 2500U with Radeon Vega Mobile Gfx|8|99|2025-08-28
single_parser|1000000|5.273722957994323|AMD Ryzen 5 2500U with Radeon Vega Mobile Gfx|1|100|2025-08-28
mp_parser|1000000|6.301776609005174|AMD Ryzen 5 2500U with Radeon Vega Mobile Gfx|1|100|2025-08-28
mp_parser|1000000|3.62533098901622|AMD Ryzen 5 2500U with Radeon Vega Mobile Gfx|2|100|2025-08-28
mp_parser|1000000|2.898112244991353|AMD Ryzen 5 2500U with Radeon Vega Mobile Gfx|3|100|2025-08-28
mp_parser|1000000|2.7625793920014985|AMD Ryzen 5 2500U with Radeon Vega Mobile Gfx|4|100|2025-08-28
mp_parser|1000000|2.557059554004809|AMD Ryzen 5 2500U with Radeon Vega Mobile Gfx|5|100|2025-08-28
mp_parser|1000000|2.53300029100501|AMD Ryzen 5 2500U with Radeon Vega Mobile Gfx|6|100|2025-08-28
mp_parser|1000000|2.4969604590150993|AMD Ryzen 5 2500U with Radeon Vega Mobile Gfx|7|100|2025-08-28
mp_parser|1000000|2.4795442939794157|AMD Ryzen 5 2500U with Radeon Vega Mobile Gfx|8|100|2025-08-28
single_parser|1000000|4.486127951007802|AMD Ryzen 5 2500U with Radeon Vega Mobile Gfx|1|1|2025-08-28
mp_parser|1000000|5.750156718015205|AMD Ryzen 5 2500U with Radeon Vega Mobile Gfx|1|1|2025-08-28
mp_parser|1000000|3.719909484992968|AMD Ryzen 5 2500U with Radeon Vega Mobile Gfx|2|1|2025-08-28
mp_parser|1000000|2.841631657007383|AMD Ryzen 5 2500U with Radeon Vega Mobile Gfx|3|1|2025-08-28
mp_parser|1000000|2.9502365609805565|AMD Ryzen 5 2500U with Radeon Vega Mobile Gfx|4|1|2025-08-28
mp_parser|1000000|2.5265231049852446|AMD Ryzen 5 2500U with Radeon Vega Mobile Gfx|5|1|2025-08-28
mp_parser|1000000|2.813990611000918|AMD Ryzen 5 2500U with Radeon Vega Mobile Gfx|6|1|2025-08-28
mp_parser|1000000|2.5172576470067725|AMD Ryzen 5 2500U with Radeon Vega Mobile Gfx|7|1|2025-08-28
mp_parser|1000000|2.4267236799933016|AMD Ryzen 5 2500U with Radeon Vega Mobile Gfx|8|1|2025-08-28
single_parser|1000000|5.573579209012678|AMD Ryzen 5 2500U with Radeon Vega Mobile Gfx|1|2|2025-08-28
mp_parser|1000000|5.844921228999738|AMD Ryzen 5 2500U with Radeon Vega Mobile Gfx|1|2|2025-08-28
mp_parser|1000000|3.5618285299860872|AMD Ryzen 5 2500U with Radeon Vega Mobile Gfx|2|2|2025-08-28
mp_parser|1000000|2.8442913820035756|AMD Ryzen 5 2500U with Radeon Vega Mobile Gfx|3|2|2025-08-28
mp_parser|1000000|3.200383747986052|AMD Ryzen 5 2500U with Radeon Vega Mobile Gfx|4|2|2025-08-28
mp_parser|1000000|2.7958093939814717|AMD Ryzen 5 2500U with Radeon Vega Mobile Gfx|5|2|2025-08-28
mp_parser|1000000|2.564896920986939|AMD Ryzen 5 2500U with Radeon Vega Mobile Gfx|6|2|2025-08-28
mp_parser|1000000|2.420016187010333|AMD Ryzen 5 2500U with Radeon Vega Mobile Gfx|7|2|2025-08-28
mp_parser|1000000|2.6938651879900135|AMD Ryzen 5 2500U with Radeon Vega Mobile Gfx|8|2|2025-08-28
single_parser|1000000|5.582804858015152|AMD Ryzen 5 2500U with Radeon Vega Mobile Gfx|1|3|2025-08-28
mp_parser|1000000|5.779605346004246|AMD Ryzen 5 2500U with Radeon Vega Mobile Gfx|1|3|2025-08-28
mp_parser|1000000|3.4410776019794866|AMD Ryzen 5 2500U with Radeon Vega Mobile Gfx|2|3|2025-08-28
mp_parser|1000000|2.8301753230043687|AMD Ryzen 5 2500U with Radeon Vega Mobile Gfx|3|3|2025-08-28
mp_parser|1000000|3.0722866209980566|AMD Ryzen 5 2500U with Radeon Vega Mobile Gfx|4|3|2025-08-28
mp_parser|1000000|2.8350534420169424|AMD Ryzen 5 2500U with Radeon Vega Mobile Gfx|5|3|2025-08-28
mp_parser|1000000|2.6463467410067096|AMD Ryzen 5 2500U with Radeon Vega Mobile Gfx|6|3|2025-08-28
mp_parser|1000000|2.6931511229777243|AMD Ryzen 5 2500U with Radeon Vega Mobile Gfx|7|3|2025-08-28
mp_parser|1000000|2.476612636994105|AMD Ryzen 5 2500U with Radeon Vega Mobile Gfx|8|3|2025-08-28
single_parser|1000000|5.514052885002457|AMD Ryzen 5 2500U with Radeon Vega Mobile Gfx|1|4|2025-08-28
mp_parser|1000000|5.811728158994811|AMD Ryzen 5 2500U with Radeon Vega Mobile Gfx|1|4|2025-08-28
mp_parser|1000000|3.5403800310159568|AMD Ryzen 5 2500U with Radeon Vega Mobile Gfx|2|4|2025-08-28
mp_parser|1000000|2.801092806010274|AMD Ryzen 5 2500U with Radeon Vega Mobile Gfx|3|4|2025-08-28
mp_parser|1000000|2.830271005979739|AMD Ryzen 5 2500U with Radeon Vega Mobile Gfx|4|4|2025-08-28
mp_parser|1000000|2.562862630991731|AMD Ryzen 5 2500U with Radeon Vega Mobile Gfx|5|4|2025-08-28
mp_parser|1000000|2.732622995012207|AMD Ryzen 5 2500U with Radeon Vega Mobile Gfx|6|4|2025-08-28
mp_parser|1000000|2.527227671991568|AMD Ryzen 5 2500U with Radeon Vega Mobile Gfx|7|4|2025-08-28
mp_parser|1000000|2.565539189003175|AMD Ryzen 5 2500U with Radeon Vega Mobile Gfx|8|4|2025-08-28
single_parser|1000000|5.443842399981804|AMD Ryzen 5 2500U with Radeon Vega Mobile Gfx|1|5|2025-08-28
mp_parser|1000000|5.889505820989143|AMD Ryzen 5 2500U with Radeon Vega Mobile Gfx|1|5|2025-08-28
mp_parser|1000000|3.5709309770027176|AMD Ryzen 5 2500U with Radeon Vega Mobile Gfx|2|5|2025-08-28
mp_parser|1000000|2.7701439000084065|AMD Ryzen 5 2500U with Radeon Vega Mobile Gfx|3|5|2025-08-28
mp_parser|1000000|2.645813705981709|AMD Ryzen 5 2500U with Radeon Vega Mobile Gfx|4|5|2025-08-28
mp_parser|1000000|2.808167528011836|AMD Ryzen 5 2500U with Radeon Vega Mobile Gfx|5|5|2025-08-28
mp_parser|1000000|2.4411616419965867|AMD Ryzen 5 2500U with Radeon Vega Mobile Gfx|6|5|2025-08-28
mp_parser|1000000|2.4925768570101354|AMD Ryzen 5 2500U with Radeon Vega Mobile Gfx|7|5|2025-08-28
mp_parser|1000000|2.5335004680091515|AMD Ryzen 5 2500U with Radeon Vega Mobile Gfx|8|5|2025-08-28
single_parser|1000000|5.540442361001624|AMD Ryzen 5 2500U with Radeon Vega Mobile Gfx|1|6|2025-08-28
mp_parser|1000000|6.032962244993541|AMD Ryzen 5 2500U with Radeon Vega Mobile Gfx|1|6|2025-08-28
mp_parser|1000000|3.5799450390040874|AMD Ryzen 5 2500U with Radeon Vega Mobile Gfx|2|6|2025-08-28
mp_parser|1000000|2.907198655011598|AMD Ryzen 5 2500U with Radeon Vega Mobile Gfx|3|6|2025-08-28
mp_parser|1000000|2.7083917839918286|AMD Ryzen 5 2500U with Radeon Vega Mobile Gfx|4|6|2025-08-28
mp_parser|1000000|2.6605849679908715|AMD Ryzen 5 2500U with Radeon Vega Mobile Gfx|5|6|2025-08-28
mp_parser|1000000|2.7002150950138457|AMD Ryzen 5 2500U with Radeon Vega Mobile Gfx|6|6|2025-08-28
mp_parser|1000000|2.6394755560031626|AMD Ryzen 5 2500U with Radeon Vega Mobile Gfx|7|6|2025-08-28
mp_parser|1000000|2.440909220982576|AMD Ryzen 5 2500U with Radeon Vega Mobile Gfx|8|6|2025-08-28
single_parser|1000000|5.339416101982351|AMD Ryzen 5 2500U with Radeon Vega Mobile Gfx|1|7|2025-08-28
mp_parser|1000000|6.67349570200895|AMD Ryzen 5 2500U with Radeon Vega Mobile Gfx|1|7|2025-08-28
mp_parser|1000000|3.4448520000150893|AMD Ryzen 5 2500U with Radeon Vega Mobile Gfx|2|7|2025-08-28
mp_parser|1000000|2.8054891400097404|AMD Ryzen 5 2500U with Radeon Vega Mobile Gfx|3|7|2025-08-28
mp_parser|1000000|2.843343532003928|AMD Ryzen 5 2500U with Radeon Vega Mobile Gfx|4|7|2025-08-28
mp_parser|1000000|2.7060214840166736|AMD Ryzen 5 2500U with Radeon Vega Mobile Gfx|5|7|2025-08-28
mp_parser|1000000|2.5735594650032|AMD Ryzen 5 2500U with Radeon Vega Mobile Gfx|6|7|2025-08-28
mp_parser|1000000|2.5335527489951346|AMD Ryzen 5 2500U with Radeon Vega Mobile Gfx|7|7|2025-08-28
mp_parser|1000000|2.57344415600528|AMD Ryzen 5 2500U with Radeon Vega Mobile Gfx|8|7|2025-08-28
single_parser|1000000|5.547126018995186|AMD Ryzen 5 2500U with Radeon Vega Mobile Gfx|1|8|2025-08-28
mp_parser|1000000|5.907264541980112|AMD Ryzen 5 2500U with Radeon Vega Mobile Gfx|1|8|2025-08-28
mp_parser|1000000|3.654554790002294|AMD Ryzen 5 2500U with Radeon Vega Mobile Gfx|2|8|2025-08-28
mp_parser|1000000|2.9889115530240815|AMD Ryzen 5 2500U with Radeon Vega Mobile Gfx|3|8|2025-08-28
mp_parser|1000000|2.6348558540048543|AMD Ryzen 5 2500U with Radeon Vega Mobile Gfx|4|8|2025-08-28
mp_parser|1000000|2.501707357005216|AMD Ryzen 5 2500U with Radeon Vega Mobile Gfx|5|8|2025-08-28
mp_parser|1000000|2.4654951599950437|AMD Ryzen 5 2500U with Radeon Vega Mobile Gfx|6|8|2025-08-28
mp_parser|1000000|2.47333737599547|AMD Ryzen 5 2500U with Radeon Vega Mobile Gfx|7|8|2025-08-28
mp_parser|1000000|2.576679868012434|AMD Ryzen 5 2500U with Radeon Vega Mobile Gfx|8|8|2025-08-28
single_parser|1000000|5.270244113984518|AMD Ryzen 5 2500U with Radeon Vega Mobile Gfx|1|9|2025-08-28
mp_parser|1000000|6.591703323007096|AMD Ryzen 5 2500U with Radeon Vega Mobile Gfx|1|9|2025-08-28
mp_parser|1000000|3.445500412984984|AMD Ryzen 5 2500U with Radeon Vega Mobile Gfx|2|9|2025-08-28
mp_parser|1000000|2.914093182014767|AMD Ryzen 5 2500U with Radeon Vega Mobile Gfx|3|9|2025-08-28
mp_parser|1000000|3.1623224559880327|AMD Ryzen 5 2500U with Radeon Vega Mobile Gfx|4|9|2025-08-28
mp_parser|1000000|2.6294500789954327|AMD Ryzen 5 2500U with Radeon Vega Mobile Gfx|5|9|2025-08-28
mp_parser|1000000|2.5492073569912463|AMD Ryzen 5 2500U with Radeon Vega Mobile Gfx|6|9|2025-08-28
mp_parser|1000000|2.517963582999073|AMD Ryzen 5 2500U with Radeon Vega Mobile Gfx|7|9|2025-08-28
mp_parser|1000000|2.4698185230081435|AMD Ryzen 5 2500U with Radeon Vega Mobile Gfx|8|9|2025-08-28
single_parser|1000000|5.426331533992197|AMD Ryzen 5 2500U with Radeon Vega Mobile Gfx|1|10|2025-08-28
mp_parser|1000000|6.409103370999219|AMD Ryzen 5 2500U with Radeon Vega Mobile Gfx|1|10|2025-08-28
mp_parser|1000000|3.4536128470208496|AMD Ryzen 5 2500U with Radeon Vega Mobile Gfx|2|10|2025-08-28
mp_parser|1000000|2.8757677059911657|AMD Ryzen 5 2500U with Radeon Vega Mobile Gfx|3|10|2025-08-28
mp_parser|1000000|2.960498407977866|AMD Ryzen 5 2500U with Radeon Vega Mobile Gfx|4|10|2025-08-28
mp_parser|1000000|2.4667924770037644|AMD Ryzen 5 2500U with Radeon Vega Mobile Gfx|5|10|2025-08-28
mp_parser|1000000|2.493274417996872|AMD Ryzen 5 2500U with Radeon Vega Mobile Gfx|6|10|2025-08-28
mp_parser|1000000|2.6043768509989604|AMD Ryzen 5 2500U with Radeon Vega Mobile Gfx|7|10|2025-08-28
mp_parser|1000000|2.520828923996305|AMD Ryzen 5 2500U with Radeon Vega Mobile Gfx|8|10|2025-08-28
single_parser|1000000|5.521842079004273|AMD Ryzen 5 2500U with Radeon Vega Mobile Gfx|1|11|2025-08-28
mp_parser|1000000|6.372171171999071|AMD Ryzen 5 2500U with Radeon Vega Mobile Gfx|1|11|2025-08-28
mp_parser|1000000|3.5124540090037044|AMD Ryzen 5 2500U with Radeon Vega Mobile Gfx|2|11|2025-08-28
mp_parser|1000000|2.8394913240044843|AMD Ryzen 5 2500U with Radeon Vega Mobile Gfx|3|11|2025-08-28
mp_parser|1000000|3.201302912988467|AMD Ryzen 5 2500U with Radeon Vega Mobile Gfx|4|11|2025-08-28
mp_parser|1000000|2.920712183986325|AMD Ryzen 5 2500U with Radeon Vega Mobile Gfx|5|11|2025-08-28
mp_parser|1000000|2.6410264690057375|AMD Ryzen 5 2500U with Radeon Vega Mobile Gfx|6|11|2025-08-28
mp_parser|1000000|2.4661914860189427|AMD Ryzen 5 2500U with Radeon Vega Mobile Gfx|7|11|2025-08-28
mp_parser|1000000|2.6743448310007807|AMD Ryzen 5 2500U with Radeon Vega Mobile Gfx|8|11|2025-08-28
single_parser|1000000|5.578269010002259|AMD Ryzen 5 2500U with Radeon Vega Mobile Gfx|1|12|2025-08-28
mp_parser|1000000|6.466863516980084|AMD Ryzen 5 2500U with Radeon Vega Mobile Gfx|1|12|2025-08-28
mp_parser|1000000|3.4857768589863554|AMD Ryzen 5 2500U with Radeon Vega Mobile Gfx|2|12|2025-08-28
mp_parser|1000000|2.8765791300102137|AMD Ryzen 5 2500U with Radeon Vega Mobile Gfx|3|12|2025-08-28
mp_parser|1000000|2.9322080469864886|AMD Ryzen 5 2500U with Radeon Vega Mobile Gfx|4|12|2025-08-28
mp_parser|1000000|2.4824773949803784|AMD Ryzen 5 2500U with Radeon Vega Mobile Gfx|5|12|2025-08-28
mp_parser|1000000|2.7704331080021802|AMD Ryzen 5 2500U with Radeon Vega Mobile Gfx|6|12|2025-08-28
mp_parser|1000000|2.511301000980893|AMD Ryzen 5 2500U with Radeon Vega Mobile Gfx|7|12|2025-08-28
mp_parser|1000000|2.5059047950198874|AMD Ryzen 5 2500U with Radeon Vega Mobile Gfx|8|12|2025-08-28
single_parser|1000000|5.585809856012929|AMD Ryzen 5 2500U with Radeon Vega Mobile Gfx|1|13|2025-08-28
mp_parser|1000000|6.513912546011852|AMD Ryzen 5 2500U with Radeon Vega Mobile Gfx|1|13|2025-08-28
mp_parser|1000000|3.452924972982146|AMD Ryzen 5 2500U with Radeon Vega Mobile Gfx|2|13|2025-08-28
mp_parser|1000000|2.91271464098827|AMD Ryzen 5 2500U with Radeon Vega Mobile Gfx|3|13|2025-08-28
mp_parser|1000000|3.134211728000082|AMD Ryzen 5 2500U with Radeon Vega Mobile Gfx|4|13|2025-08-28
mp_parser|1000000|2.8100679149792995|AMD Ryzen 5 2500U with Radeon Vega Mobile Gfx|5|13|2025-08-28
mp_parser|1000000|2.6417433279857505|AMD Ryzen 5 2500U with Radeon Vega Mobile Gfx|6|13|2025-08-28
mp_parser|1000000|2.5079784050176386|AMD Ryzen 5 2500U with Radeon Vega Mobile Gfx|7|13|2025-08-28
mp_parser|1000000|2.5585064759943634|AMD Ryzen 5 2500U with Radeon Vega Mobile Gfx|8|13|2025-08-28
single_parser|1000000|5.536826341995038|AMD Ryzen 5 2500U with Radeon Vega Mobile Gfx|1|14|2025-08-28
mp_parser|1000000|6.4565687279973645|AMD Ryzen 5 2500U with Radeon Vega Mobile Gfx|1|14|2025-08-28
mp_parser|1000000|3.4734597239876166|AMD Ryzen 5 2500U with Radeon Vega Mobile Gfx|2|14|2025-08-28
mp_parser|1000000|2.8917838849883992|AMD Ryzen 5 2500U with Radeon Vega Mobile Gfx|3|14|2025-08-28
mp_parser|1000000|3.010512092994759|AMD Ryzen 5 2500U with Radeon Vega Mobile Gfx|4|14|2025-08-28
mp_parser|1000000|2.4422745630145073|AMD Ryzen 5 2500U with Radeon Vega Mobile Gfx|5|14|2025-08-28
mp_parser|1000000|2.6159391330147628|AMD Ryzen 5 2500U with Radeon Vega Mobile Gfx|6|14|2025-08-28
mp_parser|1000000|2.4775194480025675|AMD Ryzen 5 2500U with Radeon Vega Mobile Gfx|7|14|2025-08-28
mp_parser|1000000|2.459053209022386|AMD Ryzen 5 2500U with Radeon Vega Mobile Gfx|8|14|2025-08-28
single_parser|1000000|5.455380241008243|AMD Ryzen 5 2500U with Radeon Vega Mobile Gfx|1|15|2025-08-28
mp_parser|1000000|6.453434636001475|AMD Ryzen 5 2500U with Radeon Vega Mobile Gfx|1|15|2025-08-28
mp_parser|1000000|3.451071994000813|AMD Ryzen 5 2500U with Radeon Vega Mobile Gfx|2|15|2025-08-28
mp_parser|1000000|3.082879146008054|AMD Ryzen 5 2500U with Radeon Vega Mobile Gfx|3|15|2025-08-28
mp_parser|1000000|2.7930822570051532|AMD Ryzen 5 2500U with Radeon Vega Mobile Gfx|4|15|2025-08-28
mp_parser|1000000|2.4982915919972584|AMD Ryzen 5 2500U with Radeon Vega Mobile Gfx|5|15|2025-08-28
mp_parser|1000000|2.7103322749899235|AMD Ryzen 5 2500U with Radeon Vega Mobile Gfx|6|15|2025-08-28
mp_parser|1000000|2.66258782800287|AMD Ryzen 5 2500U with Radeon Vega Mobile Gfx|7|15|2025-08-28
mp_parser|1000000|2.474576721986523|AMD Ryzen 5 2500U with Radeon Vega Mobile Gfx|8|15|2025-08-28
single_parser|1000000|5.558663089002948|AMD Ryzen 5 2500U with Radeon Vega Mobile Gfx|1|16|2025-08-28
mp_parser|1000000|6.443170507991454|AMD Ryzen 5 2500U with Radeon Vega Mobile Gfx|1|16|2025-08-28
mp_parser|1000000|3.4313983250176534|AMD Ryzen 5 2500U with Radeon Vega Mobile Gfx|2|16|2025-08-28
mp_parser|1000000|2.871646954008611|AMD Ryzen 5 2500U with Radeon Vega Mobile Gfx|3|16|2025-08-28
mp_parser|1000000|3.189691251987824|AMD Ryzen 5 2500U with Radeon Vega Mobile Gfx|4|16|2025-08-28
mp_parser|1000000|2.7530808500014246|AMD Ryzen 5 2500U with Radeon Vega Mobile Gfx|5|16|2025-08-28
mp_parser|1000000|2.7180318030004855|AMD Ryzen 5 2500U with Radeon Vega Mobile Gfx|6|16|2025-08-28
mp_parser|1000000|2.4773316420032643|AMD Ryzen 5 2500U with Radeon Vega Mobile Gfx|7|16|2025-08-28
mp_parser|1000000|2.5373346260166727|AMD Ryzen 5 2500U with Radeon Vega Mobile Gfx|8|16|2025-08-28
single_parser|1000000|5.553715268004453|AMD Ryzen 5 2500U with Radeon Vega Mobile Gfx|1|17|2025-08-28
mp_parser|1000000|6.627541725989431|AMD Ryzen 5 2500U with Radeon Vega Mobile Gfx|1|17|2025-08-28
mp_parser|1000000|3.483855085010873|AMD Ryzen 5 2500U with Radeon Vega Mobile Gfx|2|17|2025-08-28
mp_parser|1000000|2.838188699010061|AMD Ryzen 5 2500U with Radeon Vega Mobile Gfx|3|17|2025-08-28
mp_parser|1000000|2.871170770988101|AMD Ryzen 5 2500U with Radeon Vega Mobile Gfx|4|17|2025-08-28
mp_parser|1000000|2.69064170497586|AMD Ryzen 5 2500U with Radeon Vega Mobile Gfx|5|17|2025-08-28
mp_parser|1000000|2.628279106982518|AMD Ryzen 5 2500U with Radeon Vega Mobile Gfx|6|17|2025-08-28
mp_parser|1000000|2.564517013990553|AMD Ryzen 5 2500U with Radeon Vega Mobile Gfx|7|17|2025-08-28
mp_parser|1000000|2.4400707670138218|AMD Ryzen 5 2500U with Radeon Vega Mobile Gfx|8|17|2025-08-28
single_parser|1000000|5.670339903008426|AMD Ryzen 5 2500U with Radeon Vega Mobile Gfx|1|18|2025-08-28
mp_parser|1000000|5.913463513017632|AMD Ryzen 5 2500U with Radeon Vega Mobile Gfx|1|18|2025-08-28
mp_parser|1000000|3.562183157016989|AMD Ryzen 5 2500U with Radeon Vega Mobile Gfx|2|18|2025-08-28
mp_parser|1000000|3.1076777539856266|AMD Ryzen 5 2500U with Radeon Vega Mobile Gfx|3|18|2025-08-28
mp_parser|1000000|2.752984677994391|AMD Ryzen 5 2500U with Radeon Vega Mobile Gfx|4|18|2025-08-28
mp_parser|1000000|2.7457833329972345|AMD Ryzen 5 2500U with Radeon Vega Mobile Gfx|5|18|2025-08-28
mp_parser|1000000|2.753079662012169|AMD Ryzen 5 2500U with Radeon Vega Mobile Gfx|6|18|2025-08-28
mp_parser|1000000|2.561599431996001|AMD Ryzen 5 2500U with Radeon Vega Mobile Gfx|7|18|2025-08-28
mp_parser|1000000|2.4996082540019415|AMD Ryzen 5 2500U with Radeon Vega Mobile Gfx|8|18|2025-08-28
single_parser|1000000|5.619326219020877|AMD Ryzen 5 2500U with Radeon Vega Mobile Gfx|1|19|2025-08-28
mp_parser|1000000|6.456627604988171|AMD Ryzen 5 2500U with Radeon Vega Mobile Gfx|1|19|2025-08-28
mp_parser|1000000|3.45854558199062|AMD Ryzen 5 2500U with Radeon Vega Mobile Gfx|2|19|2025-08-28
mp_parser|1000000|2.87601341001573|AMD Ryzen 5 2500U with Radeon Vega Mobile Gfx|3|19|2025-08-28
mp_parser|1000000|2.906231831002515|AMD Ryzen 5 2500U with Radeon Vega Mobile Gfx|4|19|2025-08-28
mp_parser|1000000|2.5770943099923898|AMD Ryzen 5 2500U with Radeon Vega Mobile Gfx|5|19|2025-08-28
mp_parser|1000000|2.504197155998554|AMD Ryzen 5 2500U with Radeon Vega Mobile Gfx|6|19|2025-08-28
mp_parser|1000000|2.4961697200196795|AMD Ryzen 5 2500U with Radeon Vega Mobile Gfx|7|19|2025-08-28
mp_parser|1000000|2.551563059008913|AMD Ryzen 5 2500U with Radeon Vega Mobile Gfx|8|19|2025-08-28
single_parser|1000000|5.488318940013414|AMD Ryzen 5 2500U with Radeon Vega Mobile Gfx|1|20|2025-08-28
mp_parser|1000000|6.375070386013249|AMD Ryzen 5 2500U with Radeon Vega Mobile Gfx|1|20|2025-08-28
mp_parser|1000000|3.3999591350147966|AMD Ryzen 5 2500U with Radeon Vega Mobile Gfx|2|20|2025-08-28
mp_parser|1000000|3.073904652002966|AMD Ryzen 5 2500U with Radeon Vega Mobile Gfx|3|20|2025-08-28
mp_parser|1000000|2.7230372420162894|AMD Ryzen 5 2500U with Radeon Vega Mobile Gfx|4|20|2025-08-28
mp_parser|1000000|2.693156856985297|AMD Ryzen 5 2500U with Radeon Vega Mobile Gfx|5|20|2025-08-28
mp_parser|1000000|2.6673056589788757|AMD Ryzen 5 2500U with Radeon Vega Mobile Gfx|6|20|2025-08-28
mp_parser|1000000|2.555315044010058|AMD Ryzen 5 2500U with Radeon Vega Mobile Gfx|7|20|2025-08-28
mp_parser|1000000|2.5206916149763856|AMD Ryzen 5 2500U with Radeon Vega Mobile Gfx|8|20|2025-08-28
single_parser|1000000|5.588375574006932|AMD Ryzen 5 2500U with Radeon Vega Mobile Gfx|1|21|2025-08-28
mp_parser|1000000|6.5391909000172745|AMD Ryzen 5 2500U with Radeon Vega Mobile Gfx|1|21|2025-08-28
mp_parser|1000000|3.4452727979805786|AMD Ryzen 5 2500U with Radeon Vega Mobile Gfx|2|21|2025-08-28
mp_parser|1000000|2.8730868880229536|AMD Ryzen 5 2500U with Radeon Vega Mobile Gfx|3|21|2025-08-28
mp_parser|1000000|2.6811058899911586|AMD Ryzen 5 2500U with Radeon Vega Mobile Gfx|4|21|2025-08-28
mp_parser|1000000|2.718363132997183|AMD Ryzen 5 2500U with Radeon Vega Mobile Gfx|5|21|2025-08-28
mp_parser|1000000|2.57613391301129|AMD Ryzen 5 2500U with Radeon Vega Mobile Gfx|6|21|2025-08-28
mp_parser|1000000|2.5377547969983425|AMD Ryzen 5 2500U with Radeon Vega Mobile Gfx|7|21|2025-08-28
mp_parser|1000000|2.5289820760081057|AMD Ryzen 5 2500U with Radeon Vega Mobile Gfx|8|21|2025-08-28
single_parser|1000000|5.578967011999339|AMD Ryzen 5 2500U with Radeon Vega Mobile Gfx|1|22|2025-08-28
mp_parser|1000000|6.452744805981638|AMD Ryzen 5 2500U with Radeon Vega Mobile Gfx|1|22|2025-08-28
mp_parser|1000000|3.4913536770036444|AMD Ryzen 5 2500U with Radeon Vega Mobile Gfx|2|22|2025-08-28
mp_parser|1000000|2.8517240890068933|AMD Ryzen 5 2500U with Radeon Vega Mobile Gfx|3|22|2025-08-28
mp_parser|1000000|2.6443320240068715|AMD Ryzen 5 2500U with Radeon Vega Mobile Gfx|4|22|2025-08-28
mp_parser|1000000|2.775656384998001|AMD Ryzen 5 2500U with Radeon Vega Mobile Gfx|5|22|2025-08-28
mp_parser|1000000|2.6112694240000565|AMD Ryzen 5 2500U with Radeon Vega Mobile Gfx|6|22|2025-08-28
mp_parser|1000000|2.6237806499993894|AMD Ryzen 5 2500U with Radeon Vega Mobile Gfx|7|22|2025-08-28
mp_parser|1000000|2.7423292940075044|AMD Ryzen 5 2500U with Radeon Vega Mobile Gfx|8|22|2025-08-28
single_parser|1000000|5.575414355989778|AMD Ryzen 5 2500U with Radeon Vega Mobile Gfx|1|23|2025-08-28
mp_parser|1000000|6.550794529000996|AMD Ryzen 5 2500U with Radeon Vega Mobile Gfx|1|23|2025-08-28
mp_parser|1000000|3.4979823869944084|AMD Ryzen 5 2500U with Radeon Vega Mobile Gfx|2|23|2025-08-28
mp_parser|1000000|2.777858785004355|AMD Ryzen 5 2500U with Radeon Vega Mobile Gfx|3|23|2025-08-28
mp_parser|1000000|3.083899538993137|AMD Ryzen 5 2500U with Radeon Vega Mobile Gfx|4|23|2025-08-28
mp_parser|1000000|2.5259493249759544|AMD Ryzen 5 2500U with Radeon Vega Mobile Gfx|5|23|2025-08-28
mp_parser|1000000|2.5351158139819745|AMD Ryzen 5 2500U with Radeon Vega Mobile Gfx|6|23|2025-08-28
mp_parser|1000000|2.4498976140166633|AMD Ryzen 5 2500U with Radeon Vega Mobile Gfx|7|23|2025-08-28
mp_parser|1000000|2.515558154002065|AMD Ryzen 5 2500U with Radeon Vega Mobile Gfx|8|23|2025-08-28
single_parser|1000000|5.559829520992935|AMD Ryzen 5 2500U with Radeon Vega Mobile Gfx|1|24|2025-08-28
mp_parser|1000000|6.473071636981331|AMD Ryzen 5 2500U with Radeon Vega Mobile Gfx|1|24|2025-08-28
mp_parser|1000000|3.4321879589988384|AMD Ryzen 5 2500U with Radeon Vega Mobile Gfx|2|24|2025-08-28
mp_parser|1000000|2.8238004689919762|AMD Ryzen 5 2500U with Radeon Vega Mobile Gfx|3|24|2025-08-28
mp_parser|1000000|2.7514890790043864|AMD Ryzen 5 2500U with Radeon Vega Mobile Gfx|4|24|2025-08-28
mp_parser|1000000|2.5151025039958768|AMD Ryzen 5 2500U with Radeon Vega Mobile Gfx|5|24|2025-08-28
mp_parser|1000000|2.472954780998407|AMD Ryzen 5 2500U with Radeon Vega Mobile Gfx|6|24|2025-08-28
mp_parser|1000000|2.550288302008994|AMD Ryzen 5 2500U with Radeon Vega Mobile Gfx|7|24|2025-08-28
mp_parser|1000000|2.513509056996554|AMD Ryzen 5 2500U with Radeon Vega Mobile Gfx|8|24|2025-08-28
single_parser|1000000|5.448867749015335|AMD Ryzen 5 2500U with Radeon Vega Mobile Gfx|1|25|2025-08-28
mp_parser|1000000|6.522414907987695|AMD Ryzen 5 2500U with Radeon Vega Mobile Gfx|1|25|2025-08-28
mp_parser|1000000|3.5024483669840265|AMD Ryzen 5 2500U with Radeon Vega Mobile Gfx|2|25|2025-08-28
mp_parser|1000000|2.8415396510099526|AMD Ryzen 5 2500U with Radeon Vega Mobile Gfx|3|25|2025-08-28
mp_parser|1000000|2.7517875840130728|AMD Ryzen 5 2500U with Radeon Vega Mobile Gfx|4|25|2025-08-28
mp_parser|1000000|2.6437240480154287|AMD Ryzen 5 2500U with Radeon Vega Mobile Gfx|5|25|2025-08-28
mp_parser|1000000|2.7445184939715546|AMD Ryzen 5 2500U with Radeon Vega Mobile Gfx|6|25|2025-08-28
mp_parser|1000000|2.551374136004597|AMD Ryzen 5 2500U with Radeon Vega Mobile Gfx|7|25|2025-08-28
mp_parser|1000000|2.4085498609929346|AMD Ryzen 5 2500U with Radeon Vega Mobile Gfx|8|25|2025-08-28
single_parser|1000000|5.583220950997202|AMD Ryzen 5 2500U with Radeon Vega Mobile Gfx|1|26|2025-08-28
mp_parser|1000000|5.972011616977397|AMD Ryzen 5 2500U with Radeon Vega Mobile Gfx|1|26|2025-08-28
mp_parser|1000000|3.419713190989569|AMD Ryzen 5 2500U with Radeon Vega Mobile Gfx|2|26|2025-08-28
mp_parser|1000000|2.8437574160052463|AMD Ryzen 5 2500U with Radeon Vega Mobile Gfx|3|26|2025-08-28
mp_parser|1000000|2.7162666840013117|AMD Ryzen 5 2500U with Radeon Vega Mobile Gfx|4|26|2025-08-28
mp_parser|1000000|2.492014746996574|AMD Ryzen 5 2500U with Radeon Vega Mobile Gfx|5|26|2025-08-28
mp_parser|1000000|2.5428344790125266|AMD Ryzen 5 2500U with Radeon Vega Mobile Gfx|6|26|2025-08-28
mp_parser|1000000|2.471141052985331|AMD Ryzen 5 2500U with Radeon Vega Mobile Gfx|7|26|2025-08-28
mp_parser|1000000|2.4642178190115374|AMD Ryzen 5 2500U with Radeon Vega Mobile Gfx|8|26|2025-08-28
single_parser|1000000|5.583480414003134|AMD Ryzen 5 2500U with Radeon Vega Mobile Gfx|1|27|2025-08-28
mp_parser|1000000|6.453792926011374|AMD Ryzen 5 2500U with Radeon Vega Mobile Gfx|1|27|2025-08-28
mp_parser|1000000|3.5054598160204478|AMD Ryzen 5 2500U with Radeon Vega Mobile Gfx|2|27|2025-08-28
mp_parser|1000000|2.8571157559927087|AMD Ryzen 5 2500U with Radeon Vega Mobile Gfx|3|27|2025-08-28
mp_parser|1000000|2.6771632360178046|AMD Ryzen 5 2500U with Radeon Vega Mobile Gfx|4|27|2025-08-28
mp_parser|1000000|2.5466665730054956|AMD Ryzen 5 2500U with Radeon Vega Mobile Gfx|5|27|2025-08-28
mp_parser|1000000|2.5213037799985614|AMD Ryzen 5 2500U with Radeon Vega Mobile Gfx|6|27|2025-08-28
mp_parser|1000000|2.4829138389904983|AMD Ryzen 5 2500U with Radeon Vega Mobile Gfx|7|27|2025-08-28
mp_parser|1000000|2.4529696170066018|AMD Ryzen 5 2500U with Radeon Vega Mobile Gfx|8|27|2025-08-28
single_parser|1000000|5.449547870986862|AMD Ryzen 5 2500U with Radeon Vega Mobile Gfx|1|28|2025-08-28
mp_parser|1000000|6.628785962006077|AMD Ryzen 5 2500U with Radeon Vega Mobile Gfx|1|28|2025-08-28
mp_parser|1000000|3.4534061849990394|AMD Ryzen 5 2500U with Radeon Vega Mobile Gfx|2|28|2025-08-28
mp_parser|1000000|2.895901493000565|AMD Ryzen 5 2500U with Radeon Vega Mobile Gfx|3|28|2025-08-28
mp_parser|1000000|3.0528878509940114|AMD Ryzen 5 2500U with Radeon Vega Mobile Gfx|4|28|2025-08-28
mp_parser|1000000|2.7828119129990228|AMD Ryzen 5 2500U with Radeon Vega Mobile Gfx|5|28|2025-08-28
mp_parser|1000000|2.4685713539947756|AMD Ryzen 5 2500U with Radeon Vega Mobile Gfx|6|28|2025-08-28
mp_parser|1000000|2.553701831988292|AMD Ryzen 5 2500U with Radeon Vega Mobile Gfx|7|28|2025-08-28
mp_parser|1000000|2.423142450978048|AMD Ryzen 5 2500U with Radeon Vega Mobile Gfx|8|28|2025-08-28
single_parser|1000000|5.624003611999797|AMD Ryzen 5 2500U with Radeon Vega Mobile Gfx|1|29|2025-08-28
mp_parser|1000000|6.1628851300047245|AMD Ryzen 5 2500U with Radeon Vega Mobile Gfx|1|29|2025-08-28
mp_parser|1000000|3.5245496049756184|AMD Ryzen 5 2500U with Radeon Vega Mobile Gfx|2|29|2025-08-28
mp_parser|1000000|2.8736611299973447|AMD Ryzen 5 2500U with Radeon Vega Mobile Gfx|3|29|2025-08-28
mp_parser|1000000|3.2042063859989867|AMD Ryzen 5 2500U with Radeon Vega Mobile Gfx|4|29|2025-08-28
mp_parser|1000000|2.832983300992055|AMD Ryzen 5 2500U with Radeon Vega Mobile Gfx|5|29|2025-08-28
mp_parser|1000000|2.6530890990106855|AMD Ryzen 5 2500U with Radeon Vega Mobile Gfx|6|29|2025-08-28
mp_parser|1000000|2.6403411789797246|AMD Ryzen 5 2500U with Radeon Vega Mobile Gfx|7|29|2025-08-28
mp_parser|1000000|2.5394608979986515|AMD Ryzen 5 2500U with Radeon Vega Mobile Gfx|8|29|2025-08-28
single_parser|1000000|5.596405803982634|AMD Ryzen 5 2500U with Radeon Vega Mobile Gfx|1|30|2025-08-28
mp_parser|1000000|6.500471303006634|AMD Ryzen 5 2500U with Radeon Vega Mobile Gfx|1|30|2025-08-28
mp_parser|1000000|3.461307694989955|AMD Ryzen 5 2500U with Radeon Vega Mobile Gfx|2|30|2025-08-28
mp_parser|1000000|2.8697948130138684|AMD Ryzen 5 2500U with Radeon Vega Mobile Gfx|3|30|2025-08-28
mp_parser|1000000|2.726511116983602|AMD Ryzen 5 2500U with Radeon Vega Mobile Gfx|4|30|2025-08-28
mp_parser|1000000|2.7488365480094217|AMD Ryzen 5 2500U with Radeon Vega Mobile Gfx|5|30|2025-08-28
mp_parser|1000000|2.5049997119931504|AMD Ryzen 5 2500U with Radeon Vega Mobile Gfx|6|30|2025-08-28
mp_parser|1000000|2.4276034720242023|AMD Ryzen 5 2500U with Radeon Vega Mobile Gfx|7|30|2025-08-28
mp_parser|1000000|2.5224088210088667|AMD Ryzen 5 2500U with Radeon Vega Mobile Gfx|8|30|2025-08-28
single_parser|1000000|5.706435603991849|AMD Ryzen 5 2500U with Radeon Vega Mobile Gfx|1|31|2025-08-28
mp_parser|1000000|6.483473703003256|AMD Ryzen 5 2500U with Radeon Vega Mobile Gfx|1|31|2025-08-28
mp_parser|1000000|3.4629382980056107|AMD Ryzen 5 2500U with Radeon Vega Mobile Gfx|2|31|2025-08-28
mp_parser|1000000|2.7885425929853227|AMD Ryzen 5 2500U with Radeon Vega Mobile Gfx|3|31|2025-08-28
mp_parser|1000000|3.0734412489982788|AMD Ryzen 5 2500U with Radeon Vega Mobile Gfx|4|31|2025-08-28
mp_parser|1000000|2.792997679003747|AMD Ryzen 5 2500U with Radeon Vega Mobile Gfx|5|31|2025-08-28
mp_parser|1000000|2.528611424000701|AMD Ryzen 5 2500U with Radeon Vega Mobile Gfx|6|31|2025-08-28
mp_parser|1000000|2.6678641860198695|AMD Ryzen 5 2500U with Radeon Vega Mobile Gfx|7|31|2025-08-28
mp_parser|1000000|2.6411819380009547|AMD Ryzen 5 2500U with Radeon Vega Mobile Gfx|8|31|2025-08-28
single_parser|1000000|5.511068452993641|AMD Ryzen 5 2500U with Radeon Vega Mobile Gfx|1|32|2025-08-28
mp_parser|1000000|6.697633324016351|AMD Ryzen 5 2500U with Radeon Vega Mobile Gfx|1|32|2025-08-28
mp_parser|1000000|3.429290141997626|AMD Ryzen 5 2500U with Radeon Vega Mobile Gfx|2|32|2025-08-28
mp_parser|1000000|2.8350958839873783|AMD Ryzen 5 2500U with Radeon Vega Mobile Gfx|3|32|2025-08-28
mp_parser|1000000|2.9920983760093804|AMD Ryzen 5 2500U with Radeon Vega Mobile Gfx|4|32|2025-08-28
mp_parser|1000000|2.624747124995338|AMD Ryzen 5 2500U with Radeon Vega Mobile Gfx|5|32|2025-08-28
mp_parser|1000000|2.677698644984048|AMD Ryzen 5 2500U with Radeon Vega Mobile Gfx|6|32|2025-08-28
mp_parser|1000000|2.57413133099908|AMD Ryzen 5 2500U with Radeon Vega Mobile Gfx|7|32|2025-08-28
mp_parser|1000000|2.614472310000565|AMD Ryzen 5 2500U with Radeon Vega Mobile Gfx|8|32|2025-08-28
single_parser|1000000|5.468506496021291|AMD Ryzen 5 2500U with Radeon Vega Mobile Gfx|1|33|2025-08-28
mp_parser|1000000|6.586373047990492|AMD Ryzen 5 2500U with Radeon Vega Mobile Gfx|1|33|2025-08-28
mp_parser|1000000|3.463611575018149|AMD Ryzen 5 2500U with Radeon Vega Mobile Gfx|2|33|2025-08-28
mp_parser|1000000|2.7814134650107007|AMD Ryzen 5 2500U with Radeon Vega Mobile Gfx|3|33|2025-08-28
mp_parser|1000000|3.0611754480050877|AMD Ryzen 5 2500U with Radeon Vega Mobile Gfx|4|33|2025-08-28
mp_parser|1000000|2.523633990000235|AMD Ryzen 5 2500U with Radeon Vega Mobile Gfx|5|33|2025-08-28
mp_parser|1000000|2.4672762019908987|AMD Ryzen 5 2500U with Radeon Vega Mobile Gfx|6|33|2025-08-28
mp_parser|1000000|2.458148265024647|AMD Ryzen 5 2500U with Radeon Vega Mobile Gfx|7|33|2025-08-28
mp_parser|1000000|2.542197030998068|AMD Ryzen 5 2500U with Radeon Vega Mobile Gfx|8|33|2025-08-28
single_parser|1000000|5.59768216800876|AMD Ryzen 5 2500U with Radeon Vega Mobile Gfx|1|34|2025-08-28
mp_parser|1000000|6.38304886201513|AMD Ryzen 5 2500U with Radeon Vega Mobile Gfx|1|34|2025-08-28
mp_parser|1000000|3.477911805995973|AMD Ryzen 5 2500U with Radeon Vega Mobile Gfx|2|34|2025-08-28
mp_parser|1000000|3.164121656998759|AMD Ryzen 5 2500U with Radeon Vega Mobile Gfx|3|34|2025-08-28
mp_parser|1000000|2.985856451006839|AMD Ryzen 5 2500U with Radeon Vega Mobile Gfx|4|34|2025-08-28
mp_parser|1000000|2.518065622978611|AMD Ryzen 5 2500U with Radeon Vega Mobile Gfx|5|34|2025-08-28
mp_parser|1000000|2.583784829999786|AMD Ryzen 5 2500U with Radeon Vega Mobile Gfx|6|34|2025-08-28
mp_parser|1000000|2.7249585980025586|AMD Ryzen 5 2500U with Radeon Vega Mobile Gfx|7|34|2025-08-28
mp_parser|1000000|2.675319475994911|AMD Ryzen 5 2500U with Radeon Vega Mobile Gfx|8|34|2025-08-28
single_parser|1000000|5.60731995102833|AMD Ryzen 5 2500U with Radeon Vega Mobile Gfx|1|35|2025-08-28
mp_parser|1000000|6.663220049988013|AMD Ryzen 5 2500U with Radeon Vega Mobile Gfx|1|35|2025-08-28
mp_parser|1000000|3.6353135139797814|AMD Ryzen 5 2500U with Radeon Vega Mobile Gfx|2|35|2025-08-28
mp_parser|1000000|2.8465986599912867|AMD Ryzen 5 2500U with Radeon Vega Mobile Gfx|3|35|2025-08-28
mp_parser|1000000|3.0722193630062975|AMD Ryzen 5 2500U with Radeon Vega Mobile Gfx|4|35|2025-08-28
mp_parser|1000000|2.573274719004985|AMD Ryzen 5 2500U with Radeon Vega Mobile Gfx|5|35|2025-08-28
mp_parser|1000000|2.5294862660230137|AMD Ryzen 5 2500U with Radeon Vega Mobile Gfx|6|35|2025-08-28
mp_parser|1000000|2.482750966999447|AMD Ryzen 5 2500U with Radeon Vega Mobile Gfx|7|35|2025-08-28
mp_parser|1000000|2.426980620017275|AMD Ryzen 5 2500U with Radeon Vega Mobile Gfx|8|35|2025-08-28
single_parser|1000000|5.478066337003838|AMD Ryzen 5 2500U with Radeon Vega Mobile Gfx|1|36|2025-08-28
mp_parser|1000000|6.564727738004876|AMD Ryzen 5 2500U with Radeon Vega Mobile Gfx|1|36|2025-08-28
mp_parser|1000000|3.630429318989627|AMD Ryzen 5 2500U with Radeon Vega Mobile Gfx|2|36|2025-08-28
mp_parser|1000000|3.0998785620031413|AMD Ryzen 5 2500U with Radeon Vega Mobile Gfx|3|36|2025-08-28
mp_parser|1000000|2.849125265987823|AMD Ryzen 5 2500U with Radeon Vega Mobile Gfx|4|36|2025-08-28
mp_parser|1000000|2.603284241980873|AMD Ryzen 5 2500U with Radeon Vega Mobile Gfx|5|36|2025-08-28
mp_parser|1000000|2.516232408990618|AMD Ryzen 5 2500U with Radeon Vega Mobile Gfx|6|36|2025-08-28
mp_parser|1000000|2.5892233610211406|AMD Ryzen 5 2500U with Radeon Vega Mobile Gfx|7|36|2025-08-28
mp_parser|1000000|2.4469760509964544|AMD Ryzen 5 2500U with Radeon Vega Mobile Gfx|8|36|2025-08-28
single_parser|1000000|5.571007741003996|AMD Ryzen 5 2500U with Radeon Vega Mobile Gfx|1|37|2025-08-28
mp_parser|1000000|6.408781887992518|AMD Ryzen 5 2500U with Radeon Vega Mobile Gfx|1|37|2025-08-28
mp_parser|1000000|3.410184640000807|AMD Ryzen 5 2500U with Radeon Vega Mobile Gfx|2|37|2025-08-28
mp_parser|1000000|2.856121972989058|AMD Ryzen 5 2500U with Radeon Vega Mobile Gfx|3|37|2025-08-28
mp_parser|1000000|2.7364754820009694|AMD Ryzen 5 2500U with Radeon Vega Mobile Gfx|4|37|2025-08-28
mp_parser|1000000|2.697422530996846|AMD Ryzen 5 2500U with Radeon Vega Mobile Gfx|5|37|2025-08-28
mp_parser|1000000|2.516746517008869|AMD Ryzen 5 2500U with Radeon Vega Mobile Gfx|6|37|2025-08-28
mp_parser|1000000|2.4662417719955556|AMD Ryzen 5 2500U with Radeon Vega Mobile Gfx|7|37|2025-08-28
mp_parser|1000000|2.436202634999063|AMD Ryzen 5 2500U with Radeon Vega Mobile Gfx|8|37|2025-08-28
single_parser|1000000|5.483033154014265|AMD Ryzen 5 2500U with Radeon Vega Mobile Gfx|1|38|2025-08-28
mp_parser|1000000|6.519369865010958|AMD Ryzen 5 2500U with Radeon Vega Mobile Gfx|1|38|2025-08-28
mp_parser|1000000|3.4859618000045884|AMD Ryzen 5 2500U with Radeon Vega Mobile Gfx|2|38|2025-08-28
mp_parser|1000000|2.831394813983934|AMD Ryzen 5 2500U with Radeon Vega Mobile Gfx|3|38|2025-08-28
mp_parser|1000000|2.7042414199968334|AMD Ryzen 5 2500U with Radeon Vega Mobile Gfx|4|38|2025-08-28
mp_parser|1000000|2.512417356017977|AMD Ryzen 5 2500U with Radeon Vega Mobile Gfx|5|38|2025-08-28
mp_parser|1000000|2.4662498039833736|AMD Ryzen 5 2500U with Radeon Vega Mobile Gfx|6|38|2025-08-28
mp_parser|1000000|2.55072034499608|AMD Ryzen 5 2500U with Radeon Vega Mobile Gfx|7|38|2025-08-28
mp_parser|1000000|2.60100788102136|AMD Ryzen 5 2500U with Radeon Vega Mobile Gfx|8|38|2025-08-28
single_parser|1000000|5.617781173990807|AMD Ryzen 5 2500U with Radeon Vega Mobile Gfx|1|39|2025-08-28
mp_parser|1000000|6.437022344005527|AMD Ryzen 5 2500U with Radeon Vega Mobile Gfx|1|39|2025-08-28
mp_parser|1000000|3.5332700410217512|AMD Ryzen 5 2500U with Radeon Vega Mobile Gfx|2|39|2025-08-28
mp_parser|1000000|2.815147088986123|AMD Ryzen 5 2500U with Radeon Vega Mobile Gfx|3|39|2025-08-28
mp_parser|1000000|3.1393007400038186|AMD Ryzen 5 2500U with Radeon Vega Mobile Gfx|4|39|2025-08-28
mp_parser|1000000|2.5780506459996104|AMD Ryzen 5 2500U with Radeon Vega Mobile Gfx|5|39|2025-08-28
mp_parser|1000000|2.6204178819898516|AMD Ryzen 5 2500U with Radeon Vega Mobile Gfx|6|39|2025-08-28
mp_parser|1000000|2.6316019690129906|AMD Ryzen 5 2500U with Radeon Vega Mobile Gfx|7|39|2025-08-28
mp_parser|1000000|2.7467546090192627|AMD Ryzen 5 2500U with Radeon Vega Mobile Gfx|8|39|2025-08-28
single_parser|1000000|5.567277231020853|AMD Ryzen 5 2500U with Radeon Vega Mobile Gfx|1|40|2025-08-28
mp_parser|1000000|6.512554191984236|AMD Ryzen 5 2500U with Radeon Vega Mobile Gfx|1|40|2025-08-28
mp_parser|1000000|3.606142609001836|AMD Ryzen 5 2500U with Radeon Vega Mobile Gfx|2|40|2025-08-28
mp_parser|1000000|2.853406355017796|AMD Ryzen 5 2500U with Radeon Vega Mobile Gfx|3|40|2025-08-28
mp_parser|1000000|2.7506097510049585|AMD Ryzen 5 2500U with Radeon Vega Mobile Gfx|4|40|2025-08-28
mp_parser|1000000|2.566923759004567|AMD Ryzen 5 2500U with Radeon Vega Mobile Gfx|5|40|2025-08-28
mp_parser|1000000|2.4978740669903345|AMD Ryzen 5 2500U with Radeon Vega Mobile Gfx|6|40|2025-08-28
mp_parser|1000000|2.6234416229999624|AMD Ryzen 5 2500U with Radeon Vega Mobile Gfx|7|40|2025-08-28
mp_parser|1000000|2.6897231260081753|AMD Ryzen 5 2500U with Radeon Vega Mobile Gfx|8|40|2025-08-28
single_parser|1000000|5.554795478004962|AMD Ryzen 5 2500U with Radeon Vega Mobile Gfx|1|41|2025-08-28
mp_parser|1000000|6.460765472002095|AMD Ryzen 5 2500U with Radeon Vega Mobile Gfx|1|41|2025-08-28
mp_parser|1000000|3.5519284160109237|AMD Ryzen 5 2500U with Radeon Vega Mobile Gfx|2|41|2025-08-28
mp_parser|1000000|3.095300806016894|AMD Ryzen 5 2500U with Radeon Vega Mobile Gfx|3|41|2025-08-28
mp_parser|1000000|2.708685103978496|AMD Ryzen 5 2500U with Radeon Vega Mobile Gfx|4|41|2025-08-28
mp_parser|1000000|2.729784876020858|AMD Ryzen 5 2500U with Radeon Vega Mobile Gfx|5|41|2025-08-28
mp_parser|1000000|2.568266892019892|AMD Ryzen 5 2500U with Radeon Vega Mobile Gfx|6|41|2025-08-28
mp_parser|1000000|2.5288050859817304|AMD Ryzen 5 2500U with Radeon Vega Mobile Gfx|7|41|2025-08-28
mp_parser|1000000|2.735678637982346|AMD Ryzen 5 2500U with Radeon Vega Mobile Gfx|8|41|2025-08-28
single_parser|1000000|5.550915403990075|AMD Ryzen 5 2500U with Radeon Vega Mobile Gfx|1|42|2025-08-28
mp_parser|1000000|6.517591409996385|AMD Ryzen 5 2500U with Radeon Vega Mobile Gfx|1|42|2025-08-28
mp_parser|1000000|3.6937081279756967|AMD Ryzen 5 2500U with Radeon Vega Mobile Gfx|2|42|2025-08-28
mp_parser|1000000|2.8730389550037216|AMD Ryzen 5 2500U with Radeon Vega Mobile Gfx|3|42|2025-08-28
mp_parser|1000000|2.740403592993971|AMD Ryzen 5 2500U with Radeon Vega Mobile Gfx|4|42|2025-08-28
mp_parser|1000000|2.9433590060216375|AMD Ryzen 5 2500U with Radeon Vega Mobile Gfx|5|42|2025-08-28
mp_parser|1000000|2.591589946008753|AMD Ryzen 5 2500U with Radeon Vega Mobile Gfx|6|42|2025-08-28
mp_parser|1000000|2.4767630500136875|AMD Ryzen 5 2500U with Radeon Vega Mobile Gfx|7|42|2025-08-28
mp_parser|1000000|2.7765634760144167|AMD Ryzen 5 2500U with Radeon Vega Mobile Gfx|8|42|2025-08-28
single_parser|1000000|5.588478902995121|AMD Ryzen 5 2500U with Radeon Vega Mobile Gfx|1|43|2025-08-28
mp_parser|1000000|6.567851075989893|AMD Ryzen 5 2500U with Radeon Vega Mobile Gfx|1|43|2025-08-28
mp_parser|1000000|3.816642221005168|AMD Ryzen 5 2500U with Radeon Vega Mobile Gfx|2|43|2025-08-28
mp_parser|1000000|2.8238618400064297|AMD Ryzen 5 2500U with Radeon Vega Mobile Gfx|3|43|2025-08-28
mp_parser|1000000|2.662894769979175|AMD Ryzen 5 2500U with Radeon Vega Mobile Gfx|4|43|2025-08-28
mp_parser|1000000|2.910363803996006|AMD Ryzen 5 2500U with Radeon Vega Mobile Gfx|5|43|2025-08-28
mp_parser|1000000|2.5738217100151815|AMD Ryzen 5 2500U with Radeon Vega Mobile Gfx|6|43|2025-08-28
mp_parser|1000000|2.4825731399760116|AMD Ryzen 5 2500U with Radeon Vega Mobile Gfx|7|43|2025-08-28
mp_parser|1000000|2.456792692973977|AMD Ryzen 5 2500U with Radeon Vega Mobile Gfx|8|43|2025-08-28
single_parser|1000000|5.631277902022703|AMD Ryzen 5 2500U with Radeon Vega Mobile Gfx|1|44|2025-08-28
mp_parser|1000000|6.49681137301377|AMD Ryzen 5 2500U with Radeon Vega Mobile Gfx|1|44|2025-08-28
mp_parser|1000000|3.4898365970002487|AMD Ryzen 5 2500U with Radeon Vega Mobile Gfx|2|44|2025-08-28
mp_parser|1000000|2.830107046000194|AMD Ryzen 5 2500U with Radeon Vega Mobile Gfx|3|44|2025-08-28
mp_parser|1000000|2.7540230019949377|AMD Ryzen 5 2500U with Radeon Vega Mobile Gfx|4|44|2025-08-28
mp_parser|1000000|2.5170057600189466|AMD Ryzen 5 2500U with Radeon Vega Mobile Gfx|5|44|2025-08-28
mp_parser|1000000|2.625401041994337|AMD Ryzen 5 2500U with Radeon Vega Mobile Gfx|6|44|2025-08-28
mp_parser|1000000|2.5893150519987103|AMD Ryzen 5 2500U with Radeon Vega Mobile Gfx|7|44|2025-08-28
mp_parser|1000000|2.6422302529972512|AMD Ryzen 5 2500U with Radeon Vega Mobile Gfx|8|44|2025-08-28
single_parser|1000000|5.651127990015084|AMD Ryzen 5 2500U with Radeon Vega Mobile Gfx|1|45|2025-08-28
mp_parser|1000000|6.448316894995514|AMD Ryzen 5 2500U with Radeon Vega Mobile Gfx|1|45|2025-08-28
mp_parser|1000000|3.523476230009692|AMD Ryzen 5 2500U with Radeon Vega Mobile Gfx|2|45|2025-08-28
mp_parser|1000000|3.1717677249980625|AMD Ryzen 5 2500U with Radeon Vega Mobile Gfx|3|45|2025-08-28
mp_parser|1000000|2.729489373974502|AMD Ryzen 5 2500U with Radeon Vega Mobile Gfx|4|45|2025-08-28
mp_parser|1000000|2.744589994981652|AMD Ryzen 5 2500U with Radeon Vega Mobile Gfx|5|45|2025-08-28
mp_parser|1000000|2.652570158999879|AMD Ryzen 5 2500U with Radeon Vega Mobile Gfx|6|45|2025-08-28
mp_parser|1000000|2.573978086002171|AMD Ryzen 5 2500U with Radeon Vega Mobile Gfx|7|45|2025-08-28
mp_parser|1000000|2.515453031985089|AMD Ryzen 5 2500U with Radeon Vega Mobile Gfx|8|45|2025-08-28
single_parser|1000000|5.578547154000262|AMD Ryzen 5 2500U with Radeon Vega Mobile Gfx|1|46|2025-08-28
mp_parser|1000000|6.464899004000472|AMD Ryzen 5 2500U with Radeon Vega Mobile Gfx|1|46|2025-08-28
mp_parser|1000000|3.6716226049757097|AMD Ryzen 5 2500U with Radeon Vega Mobile Gfx|2|46|2025-08-28
mp_parser|1000000|2.8493590069992933|AMD Ryzen 5 2500U with Radeon Vega Mobile Gfx|3|46|2025-08-28
mp_parser|1000000|2.7015130239888094|AMD Ryzen 5 2500U with Radeon Vega Mobile Gfx|4|46|2025-08-28
mp_parser|1000000|2.517161647992907|AMD Ryzen 5 2500U with Radeon Vega Mobile Gfx|5|46|2025-08-28
mp_parser|1000000|2.684824405994732|AMD Ryzen 5 2500U with Radeon Vega Mobile Gfx|6|46|2025-08-28
mp_parser|1000000|2.512240785988979|AMD Ryzen 5 2500U with Radeon Vega Mobile Gfx|7|46|2025-08-28
mp_parser|1000000|2.4448901409923565|AMD Ryzen 5 2500U with Radeon Vega Mobile Gfx|8|46|2025-08-28
single_parser|1000000|5.583127395017073|AMD Ryzen 5 2500U with Radeon Vega Mobile Gfx|1|47|2025-08-28
mp_parser|1000000|6.488993673992809|AMD Ryzen 5 2500U with Radeon Vega Mobile Gfx|1|47|2025-08-28
mp_parser|1000000|3.466757989983307|AMD Ryzen 5 2500U with Radeon Vega Mobile Gfx|2|47|2025-08-28
mp_parser|1000000|3.2119710440165363|AMD Ryzen 5 2500U with Radeon Vega Mobile Gfx|3|47|2025-08-28
mp_parser|1000000|2.699442974990234|AMD Ryzen 5 2500U with Radeon Vega Mobile Gfx|4|47|2025-08-28
mp_parser|1000000|2.5890347749809735|AMD Ryzen 5 2500U with Radeon Vega Mobile Gfx|5|47|2025-08-28
mp_parser|1000000|2.7792174039932434|AMD Ryzen 5 2500U with Radeon Vega Mobile Gfx|6|47|2025-08-28
mp_parser|1000000|2.533658967993688|AMD Ryzen 5 2500U with Radeon Vega Mobile Gfx|7|47|2025-08-28
mp_parser|1000000|2.4976669150055386|AMD Ryzen 5 2500U with Radeon Vega Mobile Gfx|8|47|2025-08-28
single_parser|1000000|5.593156923976494|AMD Ryzen 5 2500U with Radeon Vega Mobile Gfx|1|48|2025-08-28
mp_parser|1000000|6.512859610986197|AMD Ryzen 5 2500U with Radeon Vega Mobile Gfx|1|48|2025-08-28
mp_parser|1000000|3.5243719549907837|AMD Ryzen 5 2500U with Radeon Vega Mobile Gfx|2|48|2025-08-28
mp_parser|1000000|2.92075315801776|AMD Ryzen 5 2500U with Radeon Vega Mobile Gfx|3|48|2025-08-28
mp_parser|1000000|3.156912739999825|AMD Ryzen 5 2500U with Radeon Vega Mobile Gfx|4|48|2025-08-28
mp_parser|1000000|2.7270706749986857|AMD Ryzen 5 2500U with Radeon Vega Mobile Gfx|5|48|2025-08-28
mp_parser|1000000|2.67246354900999|AMD Ryzen 5 2500U with Radeon Vega Mobile Gfx|6|48|2025-08-28
mp_parser|1000000|2.479182588023832|AMD Ryzen 5 2500U with Radeon Vega Mobile Gfx|7|48|2025-08-28
mp_parser|1000000|2.5438361430133227|AMD Ryzen 5 2500U with Radeon Vega Mobile Gfx|8|48|2025-08-28
single_parser|1000000|5.513283877982758|AMD Ryzen 5 2500U with Radeon Vega Mobile Gfx|1|49|2025-08-28
mp_parser|1000000|6.42762932999176|AMD Ryzen 5 2500U with Radeon Vega Mobile Gfx|1|49|2025-08-28
mp_parser|1000000|3.450033122993773|AMD Ryzen 5 2500U with Radeon Vega Mobile Gfx|2|49|2025-08-28
mp_parser|1000000|2.8223385849851184|AMD Ryzen 5 2500U with Radeon Vega Mobile Gfx|3|49|2025-08-28
mp_parser|1000000|2.6814121320203412|AMD Ryzen 5 2500U with Radeon Vega Mobile Gfx|4|49|2025-08-28
mp_parser|1000000|2.6166885949787684|AMD Ryzen 5 2500U with Radeon Vega Mobile Gfx|5|49|2025-08-28
mp_parser|1000000|2.5822932709997986|AMD Ryzen 5 2500U with Radeon Vega Mobile Gfx|6|49|2025-08-28
mp_parser|1000000|2.4663966039952356|AMD Ryzen 5 2500U with Radeon Vega Mobile Gfx|7|49|2025-08-28
mp_parser|1000000|2.5171221170166973|AMD Ryzen 5 2500U with Radeon Vega Mobile Gfx|8|49|2025-08-28
single_parser|1000000|5.525003792979987|AMD Ryzen 5 2500U with Radeon Vega Mobile Gfx|1|50|2025-08-28
mp_parser|1000000|6.423492725007236|AMD Ryzen 5 2500U with Radeon Vega Mobile Gfx|1|50|2025-08-28
mp_parser|1000000|3.540996947005624|AMD Ryzen 5 2500U with Radeon Vega Mobile Gfx|2|50|2025-08-28
mp_parser|1000000|2.8913278639956843|AMD Ryzen 5 2500U with Radeon Vega Mobile Gfx|3|50|2025-08-28
mp_parser|1000000|2.7264322489791084|AMD Ryzen 5 2500U with Radeon Vega Mobile Gfx|4|50|2025-08-28
mp_parser|1000000|2.9369507179944776|AMD Ryzen 5 2500U with Radeon Vega Mobile Gfx|5|50|2025-08-28
mp_parser|1000000|2.607976567989681|AMD Ryzen 5 2500U with Radeon Vega Mobile Gfx|6|50|2025-08-28
mp_parser|1000000|2.563855598011287|AMD Ryzen 5 2500U with Radeon Vega Mobile Gfx|7|50|2025-08-28
mp_parser|1000000|2.429019931005314|AMD Ryzen 5 2500U with Radeon Vega Mobile Gfx|8|50|2025-08-28
single_parser|1000000|5.490245849010535|AMD Ryzen 5 2500U with Radeon Vega Mobile Gfx|1|51|2025-08-28
mp_parser|1000000|6.56468255200889|AMD Ryzen 5 2500U with Radeon Vega Mobile Gfx|1|51|2025-08-28
mp_parser|1000000|3.5130132630001754|AMD Ryzen 5 2500U with Radeon Vega Mobile Gfx|2|51|2025-08-28
mp_parser|1000000|3.6058860790217295|AMD Ryzen 5 2500U with Radeon Vega Mobile Gfx|3|51|2025-08-28
mp_parser|1000000|2.8498495779931545|AMD Ryzen 5 2500U with Radeon Vega Mobile Gfx|4|51|2025-08-28
mp_parser|1000000|2.723319457989419|AMD Ryzen 5 2500U with Radeon Vega Mobile Gfx|5|51|2025-08-28
mp_parser|1000000|2.7152939770021476|AMD Ryzen 5 2500U with Radeon Vega Mobile Gfx|6|51|2025-08-28
mp_parser|1000000|2.7880291659967043|AMD Ryzen 5 2500U with Radeon Vega Mobile Gfx|7|51|2025-08-28
mp_parser|1000000|2.5104317369987257|AMD Ryzen 5 2500U with Radeon Vega Mobile Gfx|8|51|2025-08-28
single_parser|1000000|5.41039228902082|AMD Ryzen 5 2500U with Radeon Vega Mobile Gfx|1|52|2025-08-28
mp_parser|1000000|6.6434157059993595|AMD Ryzen 5 2500U with Radeon Vega Mobile Gfx|1|52|2025-08-28
mp_parser|1000000|3.4649668900237884|AMD Ryzen 5 2500U with Radeon Vega Mobile Gfx|2|52|2025-08-28
mp_parser|1000000|2.8239190399763174|AMD Ryzen 5 2500U with Radeon Vega Mobile Gfx|3|52|2025-08-28
mp_parser|1000000|2.621361029014224|AMD Ryzen 5 2500U with Radeon Vega Mobile Gfx|4|52|2025-08-28
mp_parser|1000000|2.9051955620234367|AMD Ryzen 5 2500U with Radeon Vega Mobile Gfx|5|52|2025-08-28
mp_parser|1000000|2.482586619007634|AMD Ryzen 5 2500U with Radeon Vega Mobile Gfx|6|52|2025-08-28
mp_parser|1000000|2.465456809004536|AMD Ryzen 5 2500U with Radeon Vega Mobile Gfx|7|52|2025-08-28
mp_parser|1000000|2.487383650994161|AMD Ryzen 5 2500U with Radeon Vega Mobile Gfx|8|52|2025-08-28
single_parser|1000000|5.564524337009061|AMD Ryzen 5 2500U with Radeon Vega Mobile Gfx|1|53|2025-08-28
mp_parser|1000000|6.460459633992286|AMD Ryzen 5 2500U with Radeon Vega Mobile Gfx|1|53|2025-08-28
mp_parser|1000000|3.4436455779941753|AMD Ryzen 5 2500U with Radeon Vega Mobile Gfx|2|53|2025-08-28
mp_parser|1000000|2.900381699000718|AMD Ryzen 5 2500U with Radeon Vega Mobile Gfx|3|53|2025-08-28
mp_parser|1000000|2.635516824986553|AMD Ryzen 5 2500U with Radeon Vega Mobile Gfx|4|53|2025-08-28
mp_parser|1000000|2.5348976170062087|AMD Ryzen 5 2500U with Radeon Vega Mobile Gfx|5|53|2025-08-28
mp_parser|1000000|2.581843349005794|AMD Ryzen 5 2500U with Radeon Vega Mobile Gfx|6|53|2025-08-28
mp_parser|1000000|2.465731777017936|AMD Ryzen 5 2500U with Radeon Vega Mobile Gfx|7|53|2025-08-28
mp_parser|1000000|2.4808262510050554|AMD Ryzen 5 2500U with Radeon Vega Mobile Gfx|8|53|2025-08-28
single_parser|1000000|5.56645665699034|AMD Ryzen 5 2500U with Radeon Vega Mobile Gfx|1|54|2025-08-28
mp_parser|1000000|6.469243739004014|AMD Ryzen 5 2500U with Radeon Vega Mobile Gfx|1|54|2025-08-28
mp_parser|1000000|3.5187188690179028|AMD Ryzen 5 2500U with Radeon Vega Mobile Gfx|2|54|2025-08-28
mp_parser|1000000|3.181959356996231|AMD Ryzen 5 2500U with Radeon Vega Mobile Gfx|3|54|2025-08-28
mp_parser|1000000|2.715455312980339|AMD Ryzen 5 2500U with Radeon Vega Mobile Gfx|4|54|2025-08-28
mp_parser|1000000|2.581246898014797|AMD Ryzen 5 2500U with Radeon Vega Mobile Gfx|5|54|2025-08-28
mp_parser|1000000|2.6572733219945803|AMD Ryzen 5 2500U with Radeon Vega Mobile Gfx|6|54|2025-08-28
mp_parser|1000000|2.3967383060080465|AMD Ryzen 5 2500U with Radeon Vega Mobile Gfx|7|54|2025-08-28
mp_parser|1000000|2.4484189100039657|AMD Ryzen 5 2500U with Radeon Vega Mobile Gfx|8|54|2025-08-28
single_parser|1000000|5.469368521997239|AMD Ryzen 5 2500U with Radeon Vega Mobile Gfx|1|55|2025-08-28
mp_parser|1000000|6.467889221996302|AMD Ryzen 5 2500U with Radeon Vega Mobile Gfx|1|55|2025-08-28
mp_parser|1000000|3.536440171999857|AMD Ryzen 5 2500U with Radeon Vega Mobile Gfx|2|55|2025-08-28
mp_parser|1000000|2.75698339700466|AMD Ryzen 5 2500U with Radeon Vega Mobile Gfx|3|55|2025-08-28
mp_parser|1000000|2.6805890429823194|AMD Ryzen 5 2500U with Radeon Vega Mobile Gfx|4|55|2025-08-28
mp_parser|1000000|2.8200495119963307|AMD Ryzen 5 2500U with Radeon Vega Mobile Gfx|5|55|2025-08-28
mp_parser|1000000|2.6028669239894953|AMD Ryzen 5 2500U with Radeon Vega Mobile Gfx|6|55|2025-08-28
mp_parser|1000000|2.4766973280056845|AMD Ryzen 5 2500U with Radeon Vega Mobile Gfx|7|55|2025-08-28
mp_parser|1000000|2.5345605589973275|AMD Ryzen 5 2500U with Radeon Vega Mobile Gfx|8|55|2025-08-28
single_parser|1000000|5.563265434000641|AMD Ryzen 5 2500U with Radeon Vega Mobile Gfx|1|56|2025-08-28
mp_parser|1000000|6.556529749999754|AMD Ryzen 5 2500U with Radeon Vega Mobile Gfx|1|56|2025-08-28
mp_parser|1000000|3.4861466319998726|AMD Ryzen 5 2500U with Radeon Vega Mobile Gfx|2|56|2025-08-28
mp_parser|1000000|2.829977000015788|AMD Ryzen 5 2500U with Radeon Vega Mobile Gfx|3|56|2025-08-28
mp_parser|1000000|2.7236018299881835|AMD Ryzen 5 2500U with Radeon Vega Mobile Gfx|4|56|2025-08-28
mp_parser|1000000|2.5603315780172125|AMD Ryzen 5 2500U with Radeon Vega Mobile Gfx|5|56|2025-08-28
mp_parser|1000000|2.7070491240010597|AMD Ryzen 5 2500U with Radeon Vega Mobile Gfx|6|56|2025-08-28
mp_parser|1000000|2.7803154609864578|AMD Ryzen 5 2500U with Radeon Vega Mobile Gfx|7|56|2025-08-28
mp_parser|1000000|2.709554078988731|AMD Ryzen 5 2500U with Radeon Vega Mobile Gfx|8|56|2025-08-28
single_parser|1000000|5.564149914018344|AMD Ryzen 5 2500U with Radeon Vega Mobile Gfx|1|57|2025-08-28
mp_parser|1000000|6.432915395998862|AMD Ryzen 5 2500U with Radeon Vega Mobile Gfx|1|57|2025-08-28
mp_parser|1000000|3.4513102549826726|AMD Ryzen 5 2500U with Radeon Vega Mobile Gfx|2|57|2025-08-28
mp_parser|1000000|2.801761370006716|AMD Ryzen 5 2500U with Radeon Vega Mobile Gfx|3|57|2025-08-28
mp_parser|1000000|3.0151124940020964|AMD Ryzen 5 2500U with Radeon Vega Mobile Gfx|4|57|2025-08-28
mp_parser|1000000|2.8478520259959623|AMD Ryzen 5 2500U with Radeon Vega Mobile Gfx|5|57|2025-08-28
mp_parser|1000000|2.719759678002447|AMD Ryzen 5 2500U with Radeon Vega Mobile Gfx|6|57|2025-08-28
mp_parser|1000000|2.71238533599535|AMD Ryzen 5 2500U with Radeon Vega Mobile Gfx|7|57|2025-08-28
mp_parser|1000000|2.48403660999611|AMD Ryzen 5 2500U with Radeon Vega Mobile Gfx|8|57|2025-08-28
single_parser|1000000|5.661132724984782|AMD Ryzen 5 2500U with Radeon Vega Mobile Gfx|1|58|2025-08-28
mp_parser|1000000|6.402148505003424|AMD Ryzen 5 2500U with Radeon Vega Mobile Gfx|1|58|2025-08-28
mp_parser|1000000|3.4160377839871217|AMD Ryzen 5 2500U with Radeon Vega Mobile Gfx|2|58|2025-08-28
mp_parser|1000000|3.7071075350104365|AMD Ryzen 5 2500U with Radeon Vega Mobile Gfx|3|58|2025-08-28
mp_parser|1000000|3.109695182996802|AMD Ryzen 5 2500U with Radeon Vega Mobile Gfx|4|58|2025-08-28
mp_parser|1000000|2.6470299380016513|AMD Ryzen 5 2500U with Radeon Vega Mobile Gfx|5|58|2025-08-28
mp_parser|1000000|2.518713678000495|AMD Ryzen 5 2500U with Radeon Vega Mobile Gfx|6|58|2025-08-28
mp_parser|1000000|2.561938155005919|AMD Ryzen 5 2500U with Radeon Vega Mobile Gfx|7|58|2025-08-28
mp_parser|1000000|2.451527160999831|AMD Ryzen 5 2500U with Radeon Vega Mobile Gfx|8|58|2025-08-28
single_parser|1000000|5.480353909020778|AMD Ryzen 5 2500U with Radeon Vega Mobile Gfx|1|59|2025-08-28
mp_parser|1000000|6.533137691003503|AMD Ryzen 5 2500U with Radeon Vega Mobile Gfx|1|59|2025-08-28
mp_parser|1000000|3.475722635979764|AMD Ryzen 5 2500U with Radeon Vega Mobile Gfx|2|59|2025-08-28
mp_parser|1000000|2.8643023429904133|AMD Ryzen 5 2500U with Radeon Vega Mobile Gfx|3|59|2025-08-28
mp_parser|1000000|3.1569830710068345|AMD Ryzen 5 2500U with Radeon Vega Mobile Gfx|4|59|2025-08-28
mp_parser|1000000|2.6551345490152016|AMD Ryzen 5 2500U with Radeon Vega Mobile Gfx|5|59|2025-08-28
mp_parser|1000000|2.5797471789992414|AMD Ryzen 5 2500U with Radeon Vega Mobile Gfx|6|59|2025-08-28
mp_parser|1000000|2.6007873060007114|AMD Ryzen 5 2500U with Radeon Vega Mobile Gfx|7|59|2025-08-28
mp_parser|1000000|2.462204893003218|AMD Ryzen 5 2500U with Radeon Vega Mobile Gfx|8|59|2025-08-28
single_parser|1000000|5.565070081996964|AMD Ryzen 5 2500U with Radeon Vega Mobile Gfx|1|60|2025-08-28
mp_parser|1000000|6.461170276015764|AMD Ryzen 5 2500U with Radeon Vega Mobile Gfx|1|60|2025-08-28
mp_parser|1000000|3.446918376983376|AMD Ryzen 5 2500U with Radeon Vega Mobile Gfx|2|60|2025-08-28
mp_parser|1000000|2.8373060160083696|AMD Ryzen 5 2500U with Radeon Vega Mobile Gfx|3|60|2025-08-28
mp_parser|1000000|3.091560484986985|AMD Ryzen 5 2500U with Radeon Vega Mobile Gfx|4|60|2025-08-28
mp_parser|1000000|2.562348337000003|AMD Ryzen 5 2500U with Radeon Vega Mobile Gfx|5|60|2025-08-28
mp_parser|1000000|2.3977640770026483|AMD Ryzen 5 2500U with Radeon Vega Mobile Gfx|6|60|2025-08-28
mp_parser|1000000|2.4173135650053155|AMD Ryzen 5 2500U with Radeon Vega Mobile Gfx|7|60|2025-08-28
mp_parser|1000000|2.5093009949778207|AMD Ryzen 5 2500U with Radeon Vega Mobile Gfx|8|60|2025-08-28
single_parser|1000000|5.521497862006072|AMD Ryzen 5 2500U with Radeon Vega Mobile Gfx|1|61|2025-08-28
mp_parser|1000000|6.456522427994059|AMD Ryzen 5 2500U with Radeon Vega Mobile Gfx|1|61|2025-08-28
mp_parser|1000000|3.512344385002507|AMD Ryzen 5 2500U with Radeon Vega Mobile Gfx|2|61|2025-08-28
mp_parser|1000000|2.8007915430061985|AMD Ryzen 5 2500U with Radeon Vega Mobile Gfx|3|61|2025-08-28
mp_parser|1000000|2.716659529018216|AMD Ryzen 5 2500U with Radeon Vega Mobile Gfx|4|61|2025-08-28
mp_parser|1000000|2.7405351040069945|AMD Ryzen 5 2500U with Radeon Vega Mobile Gfx|5|61|2025-08-28
mp_parser|1000000|2.4916262759943493|AMD Ryzen 5 2500U with Radeon Vega Mobile Gfx|6|61|2025-08-28
mp_parser|1000000|2.523581040004501|AMD Ryzen 5 2500U with Radeon Vega Mobile Gfx|7|61|2025-08-28
mp_parser|1000000|2.6164589550171513|AMD Ryzen 5 2500U with Radeon Vega Mobile Gfx|8|61|2025-08-28
single_parser|1000000|5.53320269100368|AMD Ryzen 5 2500U with Radeon Vega Mobile Gfx|1|62|2025-08-28
mp_parser|1000000|6.41350677900482|AMD Ryzen 5 2500U with Radeon Vega Mobile Gfx|1|62|2025-08-28
mp_parser|1000000|3.553663361002691|AMD Ryzen 5 2500U with Radeon Vega Mobile Gfx|2|62|2025-08-28
mp_parser|1000000|2.9629849700140767|AMD Ryzen 5 2500U with Radeon Vega Mobile Gfx|3|62|2025-08-28
mp_parser|1000000|2.9723713239945937|AMD Ryzen 5 2500U with Radeon Vega Mobile Gfx|4|62|2025-08-28
mp_parser|1000000|2.5479985190031584|AMD Ryzen 5 2500U with Radeon Vega Mobile Gfx|5|62|2025-08-28
mp_parser|1000000|2.525164709019009|AMD Ryzen 5 2500U with Radeon Vega Mobile Gfx|6|62|2025-08-28
mp_parser|1000000|2.461793033988215|AMD Ryzen 5 2500U with Radeon Vega Mobile Gfx|7|62|2025-08-28
mp_parser|1000000|2.5294118039892055|AMD Ryzen 5 2500U with Radeon Vega Mobile Gfx|8|62|2025-08-28
single_parser|1000000|5.587602595012868|AMD Ryzen 5 2500U with Radeon Vega Mobile Gfx|1|63|2025-08-28
mp_parser|1000000|6.620379353000317|AMD Ryzen 5 2500U with Radeon Vega Mobile Gfx|1|63|2025-08-28
mp_parser|1000000|3.5668288669839967|AMD Ryzen 5 2500U with Radeon Vega Mobile Gfx|2|63|2025-08-28
mp_parser|1000000|2.809720710007241|AMD Ryzen 5 2500U with Radeon Vega Mobile Gfx|3|63|2025-08-28
mp_parser|1000000|2.7869516430073418|AMD Ryzen 5 2500U with Radeon Vega Mobile Gfx|4|63|2025-08-28
mp_parser|1000000|2.53600705799181|AMD Ryzen 5 2500U with Radeon Vega Mobile Gfx|5|63|2025-08-28
mp_parser|1000000|2.6566567569971085|AMD Ryzen 5 2500U with Radeon Vega Mobile Gfx|6|63|2025-08-28
mp_parser|1000000|2.555642103019636|AMD Ryzen 5 2500U with Radeon Vega Mobile Gfx|7|63|2025-08-28
mp_parser|1000000|2.555876422993606|AMD Ryzen 5 2500U with Radeon Vega Mobile Gfx|8|63|2025-08-28
single_parser|1000000|5.478761160979047|AMD Ryzen 5 2500U with Radeon Vega Mobile Gfx|1|64|2025-08-28
mp_parser|1000000|6.4091748950013425|AMD Ryzen 5 2500U with Radeon Vega Mobile Gfx|1|64|2025-08-28
mp_parser|1000000|3.5081111890031025|AMD Ryzen 5 2500U with Radeon Vega Mobile Gfx|2|64|2025-08-28
mp_parser|1000000|3.0212540540087502|AMD Ryzen 5 2500U with Radeon Vega Mobile Gfx|3|64|2025-08-28
mp_parser|1000000|2.7272884430130944|AMD Ryzen 5 2500U with Radeon Vega Mobile Gfx|4|64|2025-08-28
mp_parser|1000000|2.684152384987101|AMD Ryzen 5 2500U with Radeon Vega Mobile Gfx|5|64|2025-08-28
mp_parser|1000000|2.643995719990926|AMD Ryzen 5 2500U with Radeon Vega Mobile Gfx|6|64|2025-08-28
mp_parser|1000000|2.4956209619995207|AMD Ryzen 5 2500U with Radeon Vega Mobile Gfx|7|64|2025-08-28
mp_parser|1000000|2.441195705992868|AMD Ryzen 5 2500U with Radeon Vega Mobile Gfx|8|64|2025-08-28
single_parser|1000000|5.51448118002736|AMD Ryzen 5 2500U with Radeon Vega Mobile Gfx|1|65|2025-08-28
mp_parser|1000000|6.4144661290047225|AMD Ryzen 5 2500U with Radeon Vega Mobile Gfx|1|65|2025-08-28
mp_parser|1000000|3.547687046986539|AMD Ryzen 5 2500U with Radeon Vega Mobile Gfx|2|65|2025-08-28
mp_parser|1000000|2.970656143006636|AMD Ryzen 5 2500U with Radeon Vega Mobile Gfx|3|65|2025-08-28
mp_parser|1000000|2.757068534003338|AMD Ryzen 5 2500U with Radeon Vega Mobile Gfx|4|65|2025-08-28
mp_parser|1000000|2.5249160709790885|AMD Ryzen 5 2500U with Radeon Vega Mobile Gfx|5|65|2025-08-28
mp_parser|1000000|2.7423796330112964|AMD Ryzen 5 2500U with Radeon Vega Mobile Gfx|6|65|2025-08-28
mp_parser|1000000|2.597589587996481|AMD Ryzen 5 2500U with Radeon Vega Mobile Gfx|7|65|2025-08-28
mp_parser|1000000|2.4895678910252172|AMD Ryzen 5 2500U with Radeon Vega Mobile Gfx|8|65|2025-08-28
single_parser|1000000|5.595054322999204|AMD Ryzen 5 2500U with Radeon Vega Mobile Gfx|1|66|2025-08-28
mp_parser|1000000|6.54159283998888|AMD Ryzen 5 2500U with Radeon Vega Mobile Gfx|1|66|2025-08-28
mp_parser|1000000|3.5112179720017593|AMD Ryzen 5 2500U with Radeon Vega Mobile Gfx|2|66|2025-08-28
mp_parser|1000000|3.3383705599990208|AMD Ryzen 5 2500U with Radeon Vega Mobile Gfx|3|66|2025-08-28
mp_parser|1000000|2.6294206620077603|AMD Ryzen 5 2500U with Radeon Vega Mobile Gfx|4|66|2025-08-28
mp_parser|1000000|2.498552862001816|AMD Ryzen 5 2500U with Radeon Vega Mobile Gfx|5|66|2025-08-28
mp_parser|1000000|2.599638195009902|AMD Ryzen 5 2500U with Radeon Vega Mobile Gfx|6|66|2025-08-28
mp_parser|1000000|2.412467156013008|AMD Ryzen 5 2500U with Radeon Vega Mobile Gfx|7|66|2025-08-28
mp_parser|1000000|2.604321943013929|AMD Ryzen 5 2500U with Radeon Vega Mobile Gfx|8|66|2025-08-28
single_parser|1000000|5.551953744987259|AMD Ryzen 5 2500U with Radeon Vega Mobile Gfx|1|67|2025-08-28
mp_parser|1000000|6.651407242985442|AMD Ryzen 5 2500U with Radeon Vega Mobile Gfx|1|67|2025-08-28
mp_parser|1000000|3.5632814499840606|AMD Ryzen 5 2500U with Radeon Vega Mobile Gfx|2|67|2025-08-28
mp_parser|1000000|2.9026878839940764|AMD Ryzen 5 2500U with Radeon Vega Mobile Gfx|3|67|2025-08-28
mp_parser|1000000|2.7702230049762875|AMD Ryzen 5 2500U with Radeon Vega Mobile Gfx|4|67|2025-08-28
mp_parser|1000000|2.8252477860078216|AMD Ryzen 5 2500U with Radeon Vega Mobile Gfx|5|67|2025-08-28
mp_parser|1000000|2.551186249998864|AMD Ryzen 5 2500U with Radeon Vega Mobile Gfx|6|67|2025-08-28
mp_parser|1000000|2.467974893981591|AMD Ryzen 5 2500U with Radeon Vega Mobile Gfx|7|67|2025-08-28
mp_parser|1000000|2.449635907978518|AMD Ryzen 5 2500U with Radeon Vega Mobile Gfx|8|67|2025-08-28
single_parser|1000000|5.64841309102485|AMD Ryzen 5 2500U with Radeon Vega Mobile Gfx|1|68|2025-08-28
mp_parser|1000000|6.5372600480041|AMD Ryzen 5 2500U with Radeon Vega Mobile Gfx|1|68|2025-08-28
mp_parser|1000000|3.514073255006224|AMD Ryzen 5 2500U with Radeon Vega Mobile Gfx|2|68|2025-08-28
mp_parser|1000000|2.8385512989771087|AMD Ryzen 5 2500U with Radeon Vega Mobile Gfx|3|68|2025-08-28
mp_parser|1000000|2.6595930570038036|AMD Ryzen 5 2500U with Radeon Vega Mobile Gfx|4|68|2025-08-28
mp_parser|1000000|2.701798398018582|AMD Ryzen 5 2500U with Radeon Vega Mobile Gfx|5|68|2025-08-28
mp_parser|1000000|2.5939214139943942|AMD Ryzen 5 2500U with Radeon Vega Mobile Gfx|6|68|2025-08-28
mp_parser|1000000|2.5065006079967134|AMD Ryzen 5 2500U with Radeon Vega Mobile Gfx|7|68|2025-08-28
mp_parser|1000000|2.6354811350174714|AMD Ryzen 5 2500U with Radeon Vega Mobile Gfx|8|68|2025-08-28
single_parser|1000000|5.541610485990532|AMD Ryzen 5 2500U with Radeon Vega Mobile Gfx|1|69|2025-08-28
mp_parser|1000000|6.091445734986337|AMD Ryzen 5 2500U with Radeon Vega Mobile Gfx|1|69|2025-08-28
mp_parser|1000000|3.469590713008074|AMD Ryzen 5 2500U with Radeon Vega Mobile Gfx|2|69|2025-08-28
mp_parser|1000000|2.9106822139874566|AMD Ryzen 5 2500U with Radeon Vega Mobile Gfx|3|69|2025-08-28
mp_parser|1000000|2.713969005009858|AMD Ryzen 5 2500U with Radeon Vega Mobile Gfx|4|69|2025-08-28
mp_parser|1000000|2.724902427988127|AMD Ryzen 5 2500U with Radeon Vega Mobile Gfx|5|69|2025-08-28
mp_parser|1000000|2.4448879760166164|AMD Ryzen 5 2500U with Radeon Vega Mobile Gfx|6|69|2025-08-28
mp_parser|1000000|2.5365298249816988|AMD Ryzen 5 2500U with Radeon Vega Mobile Gfx|7|69|2025-08-28
mp_parser|1000000|2.5394060609978624|AMD Ryzen 5 2500U with Radeon Vega Mobile Gfx|8|69|2025-08-28
single_parser|1000000|5.565625116985757|AMD Ryzen 5 2500U with Radeon Vega Mobile Gfx|1|70|2025-08-28
mp_parser|1000000|6.374491263006348|AMD Ryzen 5 2500U with Radeon Vega Mobile Gfx|1|70|2025-08-28
mp_parser|1000000|3.468549577984959|AMD Ryzen 5 2500U with Radeon Vega Mobile Gfx|2|70|2025-08-28
mp_parser|1000000|2.920183527021436|AMD Ryzen 5 2500U with Radeon Vega Mobile Gfx|3|70|2025-08-28
mp_parser|1000000|2.8240854050091|AMD Ryzen 5 2500U with Radeon Vega Mobile Gfx|4|70|2025-08-28
mp_parser|1000000|2.573947565018898|AMD Ryzen 5 2500U with Radeon Vega Mobile Gfx|5|70|2025-08-28
mp_parser|1000000|2.511242742999457|AMD Ryzen 5 2500U with Radeon Vega Mobile Gfx|6|70|2025-08-28
mp_parser|1000000|2.5543326349870767|AMD Ryzen 5 2500U with Radeon Vega Mobile Gfx|7|70|2025-08-28
mp_parser|1000000|2.4866065880050883|AMD Ryzen 5 2500U with Radeon Vega Mobile Gfx|8|70|2025-08-28
single_parser|1000000|5.579736633982975|AMD Ryzen 5 2500U with Radeon Vega Mobile Gfx|1|71|2025-08-28
mp_parser|1000000|6.301120930991601|AMD Ryzen 5 2500U with Radeon Vega Mobile Gfx|1|71|2025-08-28
mp_parser|1000000|3.513042597012827|AMD Ryzen 5 2500U with Radeon Vega Mobile Gfx|2|71|2025-08-28
mp_parser|1000000|2.821493776020361|AMD Ryzen 5 2500U with Radeon Vega Mobile Gfx|3|71|2025-08-28
mp_parser|1000000|3.020050816005096|AMD Ryzen 5 2500U with Radeon Vega Mobile Gfx|4|71|2025-08-28
mp_parser|1000000|2.793087321013445|AMD Ryzen 5 2500U with Radeon Vega Mobile Gfx|5|71|2025-08-28
mp_parser|1000000|2.410259030002635|AMD Ryzen 5 2500U with Radeon Vega Mobile Gfx|6|71|2025-08-28
mp_parser|1000000|2.4938832900079433|AMD Ryzen 5 2500U with Radeon Vega Mobile Gfx|7|71|2025-08-28
mp_parser|1000000|2.4534962170000654|AMD Ryzen 5 2500U with Radeon Vega Mobile Gfx|8|71|2025-08-28
single_parser|1000000|5.560098843998276|AMD Ryzen 5 2500U with Radeon Vega Mobile Gfx|1|72|2025-08-28
mp_parser|1000000|6.5161864180117846|AMD Ryzen 5 2500U with Radeon Vega Mobile Gfx|1|72|2025-08-28
mp_parser|1000000|3.6150575640203897|AMD Ryzen 5 2500U with Radeon Vega Mobile Gfx|2|72|2025-08-28
mp_parser|1000000|3.432740341988392|AMD Ryzen 5 2500U with Radeon Vega Mobile Gfx|3|72|2025-08-28
mp_parser|1000000|2.7213251089851838|AMD Ryzen 5 2500U with Radeon Vega Mobile Gfx|4|72|2025-08-28
mp_parser|1000000|2.7588007469894364|AMD Ryzen 5 2500U with Radeon Vega Mobile Gfx|5|72|2025-08-28
mp_parser|1000000|2.535815828014165|AMD Ryzen 5 2500U with Radeon Vega Mobile Gfx|6|72|2025-08-28
mp_parser|1000000|2.5876820699777454|AMD Ryzen 5 2500U with Radeon Vega Mobile Gfx|7|72|2025-08-28
mp_parser|1000000|2.5555300029809587|AMD Ryzen 5 2500U with Radeon Vega Mobile Gfx|8|72|2025-08-28
single_parser|1000000|5.5859013609879185|AMD Ryzen 5 2500U with Radeon Vega Mobile Gfx|1|73|2025-08-28
mp_parser|1000000|6.056099406996509|AMD Ryzen 5 2500U with Radeon Vega Mobile Gfx|1|73|2025-08-28
mp_parser|1000000|3.4357333530206233|AMD Ryzen 5 2500U with Radeon Vega Mobile Gfx|2|73|2025-08-28
mp_parser|1000000|2.8327643850061577|AMD Ryzen 5 2500U with Radeon Vega Mobile Gfx|3|73|2025-08-28
mp_parser|1000000|2.6321880070026964|AMD Ryzen 5 2500U with Radeon Vega Mobile Gfx|4|73|2025-08-28
mp_parser|1000000|2.741437595017487|AMD Ryzen 5 2500U with Radeon Vega Mobile Gfx|5|73|2025-08-28
mp_parser|1000000|2.5257503309985623|AMD Ryzen 5 2500U with Radeon Vega Mobile Gfx|6|73|2025-08-28
mp_parser|1000000|2.4959955920057837|AMD Ryzen 5 2500U with Radeon Vega Mobile Gfx|7|73|2025-08-28
mp_parser|1000000|2.475612050999189|AMD Ryzen 5 2500U with Radeon Vega Mobile Gfx|8|73|2025-08-28
single_parser|1000000|5.5470252509985585|AMD Ryzen 5 2500U with Radeon Vega Mobile Gfx|1|74|2025-08-28
mp_parser|1000000|6.457668629009277|AMD Ryzen 5 2500U with Radeon Vega Mobile Gfx|1|74|2025-08-28
mp_parser|1000000|3.5605830700078513|AMD Ryzen 5 2500U with Radeon Vega Mobile Gfx|2|74|2025-08-28
mp_parser|1000000|2.910400386987021|AMD Ryzen 5 2500U with Radeon Vega Mobile Gfx|3|74|2025-08-28
mp_parser|1000000|2.629663566011004|AMD Ryzen 5 2500U with Radeon Vega Mobile Gfx|4|74|2025-08-28
mp_parser|1000000|2.6201254480110947|AMD Ryzen 5 2500U with Radeon Vega Mobile Gfx|5|74|2025-08-28
mp_parser|1000000|2.6261681119794957|AMD Ryzen 5 2500U with Radeon Vega Mobile Gfx|6|74|2025-08-28
mp_parser|1000000|2.526505254005315|AMD Ryzen 5 2500U with Radeon Vega Mobile Gfx|7|74|2025-08-28
mp_parser|1000000|2.487266174983233|AMD Ryzen 5 2500U with Radeon Vega Mobile Gfx|8|74|2025-08-28
single_parser|1000000|5.512404337991029|AMD Ryzen 5 2500U with Radeon Vega Mobile Gfx|1|75|2025-08-28
mp_parser|1000000|6.115469758020481|AMD Ryzen 5 2500U with Radeon Vega Mobile Gfx|1|75|2025-08-28
mp_parser|1000000|3.4054371299862396|AMD Ryzen 5 2500U with Radeon Vega Mobile Gfx|2|75|2025-08-28
mp_parser|1000000|3.284792254009517|AMD Ryzen 5 2500U with Radeon Vega Mobile Gfx|3|75|2025-08-28
mp_parser|1000000|2.8895378689921927|AMD Ryzen 5 2500U with Radeon Vega Mobile Gfx|4|75|2025-08-28
mp_parser|1000000|2.5415386150125414|AMD Ryzen 5 2500U with Radeon Vega Mobile Gfx|5|75|2025-08-28
mp_parser|1000000|2.7628478839760646|AMD Ryzen 5 2500U with Radeon Vega Mobile Gfx|6|75|2025-08-28
mp_parser|1000000|2.625127954001073|AMD Ryzen 5 2500U with Radeon Vega Mobile Gfx|7|75|2025-08-28
mp_parser|1000000|2.451266369986115|AMD Ryzen 5 2500U with Radeon Vega Mobile Gfx|8|75|2025-08-28
single_parser|1000000|5.66369038700941|AMD Ryzen 5 2500U with Radeon Vega Mobile Gfx|1|76|2025-08-28
mp_parser|1000000|6.024191995995352|AMD Ryzen 5 2500U with Radeon Vega Mobile Gfx|1|76|2025-08-28
mp_parser|1000000|3.3874575509980787|AMD Ryzen 5 2500U with Radeon Vega Mobile Gfx|2|76|2025-08-28
mp_parser|1000000|2.8784717450034805|AMD Ryzen 5 2500U with Radeon Vega Mobile Gfx|3|76|2025-08-28
mp_parser|1000000|2.682262660993729|AMD Ryzen 5 2500U with Radeon Vega Mobile Gfx|4|76|2025-08-28
mp_parser|1000000|2.573916202003602|AMD Ryzen 5 2500U with Radeon Vega Mobile Gfx|5|76|2025-08-28
mp_parser|1000000|2.466654807998566|AMD Ryzen 5 2500U with Radeon Vega Mobile Gfx|6|76|2025-08-28
mp_parser|1000000|2.3945840999949723|AMD Ryzen 5 2500U with Radeon Vega Mobile Gfx|7|76|2025-08-28
mp_parser|1000000|2.604742247000104|AMD Ryzen 5 2500U with Radeon Vega Mobile Gfx|8|76|2025-08-28
single_parser|1000000|5.560452873993199|AMD Ryzen 5 2500U with Radeon Vega Mobile Gfx|1|77|2025-08-28
mp_parser|1000000|6.527500761003466|AMD Ryzen 5 2500U with Radeon Vega Mobile Gfx|1|77|2025-08-28
mp_parser|1000000|3.498184088006383|AMD Ryzen 5 2500U with Radeon Vega Mobile Gfx|2|77|2025-08-28
mp_parser|1000000|2.9420478449901566|AMD Ryzen 5 2500U with Radeon Vega Mobile Gfx|3|77|2025-08-28
mp_parser|1000000|2.8853466480213683|AMD Ryzen 5 2500U with Radeon Vega Mobile Gfx|4|77|2025-08-28
mp_parser|1000000|2.5480867970036343|AMD Ryzen 5 2500U with Radeon Vega Mobile Gfx|5|77|2025-08-28
mp_parser|1000000|2.5856064340041485|AMD Ryzen 5 2500U with Radeon Vega Mobile Gfx|6|77|2025-08-28
mp_parser|1000000|2.4869437839952298|AMD Ryzen 5 2500U with Radeon Vega Mobile Gfx|7|77|2025-08-28
mp_parser|1000000|2.6457444190164097|AMD Ryzen 5 2500U with Radeon Vega Mobile Gfx|8|77|2025-08-28
single_parser|1000000|5.509539417020278|AMD Ryzen 5 2500U with Radeon Vega Mobile Gfx|1|78|2025-08-28
mp_parser|1000000|6.409735750989057|AMD Ryzen 5 2500U with Radeon Vega Mobile Gfx|1|78|2025-08-28
mp_parser|1000000|3.4223780170141254|AMD Ryzen 5 2500U with Radeon Vega Mobile Gfx|2|78|2025-08-28
mp_parser|1000000|2.8238021830038633|AMD Ryzen 5 2500U with Radeon Vega Mobile Gfx|3|78|2025-08-28
mp_parser|1000000|2.9685614939953666|AMD Ryzen 5 2500U with Radeon Vega Mobile Gfx|4|78|2025-08-28
mp_parser|1000000|2.55004083699896|AMD Ryzen 5 2500U with Radeon Vega Mobile Gfx|5|78|2025-08-28
mp_parser|1000000|2.7397508390131406|AMD Ryzen 5 2500U with Radeon Vega Mobile Gfx|6|78|2025-08-28
mp_parser|1000000|2.485341049003182|AMD Ryzen 5 2500U with Radeon Vega Mobile Gfx|7|78|2025-08-28
mp_parser|1000000|2.625143109995406|AMD Ryzen 5 2500U with Radeon Vega Mobile Gfx|8|78|2025-08-28
single_parser|1000000|5.526121384988073|AMD Ryzen 5 2500U with Radeon Vega Mobile Gfx|1|79|2025-08-28
mp_parser|1000000|6.563667907001218|AMD Ryzen 5 2500U with Radeon Vega Mobile Gfx|1|79|2025-08-28
mp_parser|1000000|3.5358030409843195|AMD Ryzen 5 2500U with Radeon Vega Mobile Gfx|2|79|2025-08-28
mp_parser|1000000|3.032394960988313|AMD Ryzen 5 2500U with Radeon Vega Mobile Gfx|3|79|2025-08-28
mp_parser|1000000|2.693948493018979|AMD Ryzen 5 2500U with Radeon Vega Mobile Gfx|4|79|2025-08-28
mp_parser|1000000|2.486448253999697|AMD Ryzen 5 2500U with Radeon Vega Mobile Gfx|5|79|2025-08-28
mp_parser|1000000|2.5806715340004303|AMD Ryzen 5 2500U with Radeon Vega Mobile Gfx|6|79|2025-08-28
mp_parser|1000000|2.5464991469925735|AMD Ryzen 5 2500U with Radeon Vega Mobile Gfx|7|79|2025-08-28
mp_parser|1000000|2.5285518350137863|AMD Ryzen 5 2500U with Radeon Vega Mobile Gfx|8|79|2025-08-28
single_parser|1000000|5.543135607003933|AMD Ryzen 5 2500U with Radeon Vega Mobile Gfx|1|80|2025-08-28
mp_parser|1000000|6.499604379991069|AMD Ryzen 5 2500U with Radeon Vega Mobile Gfx|1|80|2025-08-28
mp_parser|1000000|3.519969779008534|AMD Ryzen 5 2500U with Radeon Vega Mobile Gfx|2|80|2025-08-28
mp_parser|1000000|2.940407324989792|AMD Ryzen 5 2500U with Radeon Vega Mobile Gfx|3|80|2025-08-28
mp_parser|1000000|2.8287400170229375|AMD Ryzen 5 2500U with Radeon Vega Mobile Gfx|4|80|2025-08-28
mp_parser|1000000|2.529698781989282|AMD Ryzen 5 2500U with Radeon Vega Mobile Gfx|5|80|2025-08-28
mp_parser|1000000|2.5183900959964376|AMD Ryzen 5 2500U with Radeon Vega Mobile Gfx|6|80|2025-08-28
mp_parser|1000000|2.582789703999879|AMD Ryzen 5 2500U with Radeon Vega Mobile Gfx|7|80|2025-08-28
mp_parser|1000000|2.640018906997284|AMD Ryzen 5 2500U with Radeon Vega Mobile Gfx|8|80|2025-08-28
single_parser|1000000|5.508464617014397|AMD Ryzen 5 2500U with Radeon Vega Mobile Gfx|1|81|2025-08-28
mp_parser|1000000|5.960774856997887|AMD Ryzen 5 2500U with Radeon Vega Mobile Gfx|1|81|2025-08-28
mp_parser|1000000|3.390554137993604|AMD Ryzen 5 2500U with Radeon Vega Mobile Gfx|2|81|2025-08-28
mp_parser|1000000|2.9443516549945343|AMD Ryzen 5 2500U with Radeon Vega Mobile Gfx|3|81|2025-08-28
mp_parser|1000000|2.6616285259951837|AMD Ryzen 5 2500U with Radeon Vega Mobile Gfx|4|81|2025-08-28
mp_parser|1000000|2.706716877000872|AMD Ryzen 5 2500U with Radeon Vega Mobile Gfx|5|81|2025-08-28
mp_parser|1000000|2.5685204839974176|AMD Ryzen 5 2500U with Radeon Vega Mobile Gfx|6|81|2025-08-28
mp_parser|1000000|2.5896307329821866|AMD Ryzen 5 2500U with Radeon Vega Mobile Gfx|7|81|2025-08-28
mp_parser|1000000|2.4685462010093033|AMD Ryzen 5 2500U with Radeon Vega Mobile Gfx|8|81|2025-08-28
single_parser|1000000|5.432175378984539|AMD Ryzen 5 2500U with Radeon Vega Mobile Gfx|1|82|2025-08-28
mp_parser|1000000|6.56474459200399|AMD Ryzen 5 2500U with Radeon Vega Mobile Gfx|1|82|2025-08-28
mp_parser|1000000|3.5676913839997724|AMD Ryzen 5 2500U with Radeon Vega Mobile Gfx|2|82|2025-08-28
mp_parser|1000000|2.919333814003039|AMD Ryzen 5 2500U with Radeon Vega Mobile Gfx|3|82|2025-08-28
mp_parser|1000000|2.714819811983034|AMD Ryzen 5 2500U with Radeon Vega Mobile Gfx|4|82|2025-08-28
mp_parser|1000000|2.592294299014611|AMD Ryzen 5 2500U with Radeon Vega Mobile Gfx|5|82|2025-08-28
mp_parser|1000000|2.619225603004452|AMD Ryzen 5 2500U with Radeon Vega Mobile Gfx|6|82|2025-08-28
mp_parser|1000000|2.6500673620030284|AMD Ryzen 5 2500U with Radeon Vega Mobile Gfx|7|82|2025-08-28
mp_parser|1000000|2.5928129460080527|AMD Ryzen 5 2500U with Radeon Vega Mobile Gfx|8|82|2025-08-28
single_parser|1000000|5.584059346001595|AMD Ryzen 5 2500U with Radeon Vega Mobile Gfx|1|83|2025-08-28
mp_parser|1000000|6.183935569017194|AMD Ryzen 5 2500U with Radeon Vega Mobile Gfx|1|83|2025-08-28
mp_parser|1000000|3.45059539200156|AMD Ryzen 5 2500U with Radeon Vega Mobile Gfx|2|83|2025-08-28
mp_parser|1000000|2.8356805000221357|AMD Ryzen 5 2500U with Radeon Vega Mobile Gfx|3|83|2025-08-28
mp_parser|1000000|2.7546508020022884|AMD Ryzen 5 2500U with Radeon Vega Mobile Gfx|4|83|2025-08-28
mp_parser|1000000|2.52626834900002|AMD Ryzen 5 2500U with Radeon Vega Mobile Gfx|5|83|2025-08-28
mp_parser|1000000|2.4094615030044224|AMD Ryzen 5 2500U with Radeon Vega Mobile Gfx|6|83|2025-08-28
mp_parser|1000000|2.64525657199556|AMD Ryzen 5 2500U with Radeon Vega Mobile Gfx|7|83|2025-08-28
mp_parser|1000000|2.455022404988995|AMD Ryzen 5 2500U with Radeon Vega Mobile Gfx|8|83|2025-08-28
single_parser|1000000|5.548651592980605|AMD Ryzen 5 2500U with Radeon Vega Mobile Gfx|1|84|2025-08-28
mp_parser|1000000|6.576389286987251|AMD Ryzen 5 2500U with Radeon Vega Mobile Gfx|1|84|2025-08-28
mp_parser|1000000|3.4972831959894393|AMD Ryzen 5 2500U with Radeon Vega Mobile Gfx|2|84|2025-08-28
mp_parser|1000000|3.076079277001554|AMD Ryzen 5 2500U with Radeon Vega Mobile Gfx|3|84|2025-08-28
mp_parser|1000000|2.580582834983943|AMD Ryzen 5 2500U with Radeon Vega Mobile Gfx|4|84|2025-08-28
mp_parser|1000000|2.589164677017834|AMD Ryzen 5 2500U with Radeon Vega Mobile Gfx|5|84|2025-08-28
mp_parser|1000000|2.604603400977794|AMD Ryzen 5 2500U with Radeon Vega Mobile Gfx|6|84|2025-08-28
mp_parser|1000000|2.539462629996706|AMD Ryzen 5 2500U with Radeon Vega Mobile Gfx|7|84|2025-08-28
mp_parser|1000000|2.5132736079976894|AMD Ryzen 5 2500U with Radeon Vega Mobile Gfx|8|84|2025-08-28
single_parser|1000000|5.494202452013269|AMD Ryzen 5 2500U with Radeon Vega Mobile Gfx|1|85|2025-08-28
mp_parser|1000000|6.4834200920013245|AMD Ryzen 5 2500U with Radeon Vega Mobile Gfx|1|85|2025-08-28
mp_parser|1000000|3.5488100050133653|AMD Ryzen 5 2500U with Radeon Vega Mobile Gfx|2|85|2025-08-28
mp_parser|1000000|2.878864956990583|AMD Ryzen 5 2500U with Radeon Vega Mobile Gfx|3|85|2025-08-28
mp_parser|1000000|2.714072851027595|AMD Ryzen 5 2500U with Radeon Vega Mobile Gfx|4|85|2025-08-28
mp_parser|1000000|2.764823854988208|AMD Ryzen 5 2500U with Radeon Vega Mobile Gfx|5|85|2025-08-28
mp_parser|1000000|2.5713093469967134|AMD Ryzen 5 2500U with Radeon Vega Mobile Gfx|6|85|2025-08-28
mp_parser|1000000|2.7679165310109966|AMD Ryzen 5 2500U with Radeon Vega Mobile Gfx|7|85|2025-08-28
mp_parser|1000000|2.6030563990061637|AMD Ryzen 5 2500U with Radeon Vega Mobile Gfx|8|85|2025-08-28
single_parser|1000000|5.526545537024504|AMD Ryzen 5 2500U with Radeon Vega Mobile Gfx|1|86|2025-08-28
mp_parser|1000000|6.5798142710118555|AMD Ryzen 5 2500U with Radeon Vega Mobile Gfx|1|86|2025-08-28
mp_parser|1000000|3.481540098990081|AMD Ryzen 5 2500U with Radeon Vega Mobile Gfx|2|86|2025-08-28
mp_parser|1000000|3.1567631170037203|AMD Ryzen 5 2500U with Radeon Vega Mobile Gfx|3|86|2025-08-28
mp_parser|1000000|2.7317271050123964|AMD Ryzen 5 2500U with Radeon Vega Mobile Gfx|4|86|2025-08-28
mp_parser|1000000|2.8502259450033307|AMD Ryzen 5 2500U with Radeon Vega Mobile Gfx|5|86|2025-08-28
mp_parser|1000000|2.7074315709760413|AMD Ryzen 5 2500U with Radeon Vega Mobile Gfx|6|86|2025-08-28
mp_parser|1000000|2.582228382991161|AMD Ryzen 5 2500U with Radeon Vega Mobile Gfx|7|86|2025-08-28
mp_parser|1000000|2.608035718993051|AMD Ryzen 5 2500U with Radeon Vega Mobile Gfx|8|86|2025-08-28
single_parser|1000000|5.547429636004381|AMD Ryzen 5 2500U with Radeon Vega Mobile Gfx|1|87|2025-08-28
mp_parser|1000000|6.498363844992127|AMD Ryzen 5 2500U with Radeon Vega Mobile Gfx|1|87|2025-08-28
mp_parser|1000000|3.5087260459840763|AMD Ryzen 5 2500U with Radeon Vega Mobile Gfx|2|87|2025-08-28
mp_parser|1000000|3.572335811011726|AMD Ryzen 5 2500U with Radeon Vega Mobile Gfx|3|87|2025-08-28
mp_parser|1000000|3.037027375015896|AMD Ryzen 5 2500U with Radeon Vega Mobile Gfx|4|87|2025-08-28
mp_parser|1000000|2.806831683003111|AMD Ryzen 5 2500U with Radeon Vega Mobile Gfx|5|87|2025-08-28
mp_parser|1000000|2.5378791709954385|AMD Ryzen 5 2500U with Radeon Vega Mobile Gfx|6|87|2025-08-28
mp_parser|1000000|2.626713926991215|AMD Ryzen 5 2500U with Radeon Vega Mobile Gfx|7|87|2025-08-28
mp_parser|1000000|2.5036597799917217|AMD Ryzen 5 2500U with Radeon Vega Mobile Gfx|8|87|2025-08-28
single_parser|1000000|5.565678524988471|AMD Ryzen 5 2500U with Radeon Vega Mobile Gfx|1|88|2025-08-28
mp_parser|1000000|6.490923712000949|AMD Ryzen 5 2500U with Radeon Vega Mobile Gfx|1|88|2025-08-28
mp_parser|1000000|3.5259404350072145|AMD Ryzen 5 2500U with Radeon Vega Mobile Gfx|2|88|2025-08-28
mp_parser|1000000|3.183273761998862|AMD Ryzen 5 2500U with Radeon Vega Mobile Gfx|3|88|2025-08-28
mp_parser|1000000|2.798745370004326|AMD Ryzen 5 2500U with Radeon Vega Mobile Gfx|4|88|2025-08-28
mp_parser|1000000|2.730895845015766|AMD Ryzen 5 2500U with Radeon Vega Mobile Gfx|5|88|2025-08-28
mp_parser|1000000|2.8113518600002863|AMD Ryzen 5 2500U with Radeon Vega Mobile Gfx|6|88|2025-08-28
mp_parser|1000000|2.432939885999076|AMD Ryzen 5 2500U with Radeon Vega Mobile Gfx|7|88|2025-08-28
mp_parser|1000000|2.5519168639730196|AMD Ryzen 5 2500U with Radeon Vega Mobile Gfx|8|88|2025-08-28
single_parser|1000000|5.485976385010872|AMD Ryzen 5 2500U with Radeon Vega Mobile Gfx|1|89|2025-08-28
mp_parser|1000000|6.494112699991092|AMD Ryzen 5 2500U with Radeon Vega Mobile Gfx|1|89|2025-08-28
mp_parser|1000000|3.557188745995518|AMD Ryzen 5 2500U with Radeon Vega Mobile Gfx|2|89|2025-08-28
mp_parser|1000000|2.8531754440045916|AMD Ryzen 5 2500U with Radeon Vega Mobile Gfx|3|89|2025-08-28
mp_parser|1000000|2.67251913700602|AMD Ryzen 5 2500U with Radeon Vega Mobile Gfx|4|89|2025-08-28
mp_parser|1000000|2.664313882996794|AMD Ryzen 5 2500U with Radeon Vega Mobile Gfx|5|89|2025-08-28
mp_parser|1000000|2.6256558900058735|AMD Ryzen 5 2500U with Radeon Vega Mobile Gfx|6|89|2025-08-28
mp_parser|1000000|2.6813627460214775|AMD Ryzen 5 2500U with Radeon Vega Mobile Gfx|7|89|2025-08-28
mp_parser|1000000|2.639743659994565|AMD Ryzen 5 2500U with Radeon Vega Mobile Gfx|8|89|2025-08-28
single_parser|1000000|5.577280965982936|AMD Ryzen 5 2500U with Radeon Vega Mobile Gfx|1|90|2025-08-28
mp_parser|1000000|6.505663037998602|AMD Ryzen 5 2500U with Radeon Vega Mobile Gfx|1|90|2025-08-28
mp_parser|1000000|3.562014622002607|AMD Ryzen 5 2500U with Radeon Vega Mobile Gfx|2|90|2025-08-28
mp_parser|1000000|2.9836104300047737|AMD Ryzen 5 2500U with Radeon Vega Mobile Gfx|3|90|2025-08-28
mp_parser|1000000|2.807402292994084|AMD Ryzen 5 2500U with Radeon Vega Mobile Gfx|4|90|2025-08-28
mp_parser|1000000|2.4843010299955495|AMD Ryzen 5 2500U with Radeon Vega Mobile Gfx|5|90|2025-08-28
mp_parser|1000000|2.433886804996291|AMD Ryzen 5 2500U with Radeon Vega Mobile Gfx|6|90|2025-08-28
mp_parser|1000000|2.4194068019860424|AMD Ryzen 5 2500U with Radeon Vega Mobile Gfx|7|90|2025-08-28
mp_parser|1000000|2.475639709009556|AMD Ryzen 5 2500U with Radeon Vega Mobile Gfx|8|90|2025-08-28
single_parser|1000000|5.618928688025335|AMD Ryzen 5 2500U with Radeon Vega Mobile Gfx|1|91|2025-08-28
mp_parser|1000000|6.587966025981586|AMD Ryzen 5 2500U with Radeon Vega Mobile Gfx|1|91|2025-08-28
mp_parser|1000000|3.4568197850021534|AMD Ryzen 5 2500U with Radeon Vega Mobile Gfx|2|91|2025-08-28
mp_parser|1000000|3.12517265000497|AMD Ryzen 5 2500U with Radeon Vega Mobile Gfx|3|91|2025-08-28
mp_parser|1000000|3.0914031820138916|AMD Ryzen 5 2500U with Radeon Vega Mobile Gfx|4|91|2025-08-28
mp_parser|1000000|2.5506200369854923|AMD Ryzen 5 2500U with Radeon Vega Mobile Gfx|5|91|2025-08-28
mp_parser|1000000|2.6322213919775095|AMD Ryzen 5 2500U with Radeon Vega Mobile Gfx|6|91|2025-08-28
mp_parser|1000000|2.4871373159985524|AMD Ryzen 5 2500U with Radeon Vega Mobile Gfx|7|91|2025-08-28
mp_parser|1000000|2.481603799998993|AMD Ryzen 5 2500U with Radeon Vega Mobile Gfx|8|91|2025-08-28
single_parser|1000000|5.566831407981226|AMD Ryzen 5 2500U with Radeon Vega Mobile Gfx|1|92|2025-08-28
mp_parser|1000000|6.47242744200048|AMD Ryzen 5 2500U with Radeon Vega Mobile Gfx|1|92|2025-08-28
mp_parser|1000000|3.4695196539978497|AMD Ryzen 5 2500U with Radeon Vega Mobile Gfx|2|92|2025-08-28
mp_parser|1000000|2.8468636790057644|AMD Ryzen 5 2500U with Radeon Vega Mobile Gfx|3|92|2025-08-28
mp_parser|1000000|3.1099628679803573|AMD Ryzen 5 2500U with Radeon Vega Mobile Gfx|4|92|2025-08-28
mp_parser|1000000|2.5549512919969857|AMD Ryzen 5 2500U with Radeon Vega Mobile Gfx|5|92|2025-08-28
mp_parser|1000000|2.539549793000333|AMD Ryzen 5 2500U with Radeon Vega Mobile Gfx|6|92|2025-08-28
mp_parser|1000000|2.6094065090001095|AMD Ryzen 5 2500U with Radeon Vega Mobile Gfx|7|92|2025-08-28
mp_parser|1000000|2.508736249001231|AMD Ryzen 5 2500U with Radeon Vega Mobile Gfx|8|92|2025-08-28
single_parser|1000000|5.557920191989979|AMD Ryzen 5 2500U with Radeon Vega Mobile Gfx|1|93|2025-08-28
mp_parser|1000000|6.492289402987808|AMD Ryzen 5 2500U with Radeon Vega Mobile Gfx|1|93|2025-08-28
mp_parser|1000000|3.504210409009829|AMD Ryzen 5 2500U with Radeon Vega Mobile Gfx|2|93|2025-08-28
mp_parser|1000000|3.039430431002984|AMD Ryzen 5 2500U with Radeon Vega Mobile Gfx|3|93|2025-08-28
mp_parser|1000000|2.7507649999752175|AMD Ryzen 5 2500U with Radeon Vega Mobile Gfx|4|93|2025-08-28
mp_parser|1000000|2.516663600981701|AMD Ryzen 5 2500U with Radeon Vega Mobile Gfx|5|93|2025-08-28
mp_parser|1000000|2.8780559759761672|AMD Ryzen 5 2500U with Radeon Vega Mobile Gfx|6|93|2025-08-28
mp_parser|1000000|2.4506033590005245|AMD Ryzen 5 2500U with Radeon Vega Mobile Gfx|7|93|2025-08-28
mp_parser|1000000|2.5045269390102476|AMD Ryzen 5 2500U with Radeon Vega Mobile Gfx|8|93|2025-08-28
single_parser|1000000|5.616705894994084|AMD Ryzen 5 2500U with Radeon Vega Mobile Gfx|1|94|2025-08-28
mp_parser|1000000|6.590149846975692|AMD Ryzen 5 2500U with Radeon Vega Mobile Gfx|1|94|2025-08-28
mp_parser|1000000|3.4509825959976297|AMD Ryzen 5 2500U with Radeon Vega Mobile Gfx|2|94|2025-08-28
mp_parser|1000000|2.885235947993351|AMD Ryzen 5 2500U with Radeon Vega Mobile Gfx|3|94|2025-08-28
mp_parser|1000000|2.846978220011806|AMD Ryzen 5 2500U with Radeon Vega Mobile Gfx|4|94|2025-08-28
mp_parser|1000000|2.5988955600187182|AMD Ryzen 5 2500U with Radeon Vega Mobile Gfx|5|94|2025-08-28
mp_parser|1000000|2.6294754809932783|AMD Ryzen 5 2500U with Radeon Vega Mobile Gfx|6|94|2025-08-28
mp_parser|1000000|2.5918396270135418|AMD Ryzen 5 2500U with Radeon Vega Mobile Gfx|7|94|2025-08-28
mp_parser|1000000|2.41898265099735|AMD Ryzen 5 2500U with Radeon Vega Mobile Gfx|8|94|2025-08-28
single_parser|1000000|5.511608347995207|AMD Ryzen 5 2500U with Radeon Vega Mobile Gfx|1|95|2025-08-28
mp_parser|1000000|6.490074221976101|AMD Ryzen 5 2500U with Radeon Vega Mobile Gfx|1|95|2025-08-28
mp_parser|1000000|3.5122880609997083|AMD Ryzen 5 2500U with Radeon Vega Mobile Gfx|2|95|2025-08-28
mp_parser|1000000|3.119993164000334|AMD Ryzen 5 2500U with Radeon Vega Mobile Gfx|3|95|2025-08-28
mp_parser|1000000|2.5611420210043434|AMD Ryzen 5 2500U with Radeon Vega Mobile Gfx|4|95|2025-08-28
mp_parser|1000000|2.6905341249948833|AMD Ryzen 5 2500U with Radeon Vega Mobile Gfx|5|95|2025-08-28
mp_parser|1000000|2.6446504829800688|AMD Ryzen 5 2500U with Radeon Vega Mobile Gfx|6|95|2025-08-28
mp_parser|1000000|2.493582619994413|AMD Ryzen 5 2500U with Radeon Vega Mobile Gfx|7|95|2025-08-28
mp_parser|1000000|2.483741595991887|AMD Ryzen 5 2500U with Radeon Vega Mobile Gfx|8|95|2025-08-28
single_parser|1000000|5.524898031988414|AMD Ryzen 5 2500U with Radeon Vega Mobile Gfx|1|96|2025-08-28
mp_parser|1000000|6.199282380985096|AMD Ryzen 5 2500U with Radeon Vega Mobile Gfx|1|96|2025-08-28
mp_parser|1000000|3.460739250993356|AMD Ryzen 5 2500U with Radeon Vega Mobile Gfx|2|96|2025-08-28
mp_parser|1000000|2.8318317840166856|AMD Ryzen 5 2500U with Radeon Vega Mobile Gfx|3|96|2025-08-28
mp_parser|1000000|2.594278442003997|AMD Ryzen 5 2500U with Radeon Vega Mobile Gfx|4|96|2025-08-28
mp_parser|1000000|2.5036417599767447|AMD Ryzen 5 2500U with Radeon Vega Mobile Gfx|5|96|2025-08-28
mp_parser|1000000|2.6445879039820284|AMD Ryzen 5 2500U with Radeon Vega Mobile Gfx|6|96|2025-08-28
mp_parser|1000000|2.5565280459995847|AMD Ryzen 5 2500U with Radeon Vega Mobile Gfx|7|96|2025-08-28
mp_parser|1000000|2.474134960997617|AMD Ryzen 5 2500U with Radeon Vega Mobile Gfx|8|96|2025-08-28
single_parser|1000000|5.574338031990919|AMD Ryzen 5 2500U with Radeon Vega Mobile Gfx|1|97|2025-08-28
mp_parser|1000000|6.192072167003062|AMD Ryzen 5 2500U with Radeon Vega Mobile Gfx|1|97|2025-08-28
mp_parser|1000000|3.415775219007628|AMD Ryzen 5 2500U with Radeon Vega Mobile Gfx|2|97|2025-08-28
mp_parser|1000000|2.993075632984983|AMD Ryzen 5 2500U with Radeon Vega Mobile Gfx|3|97|2025-08-28
mp_parser|1000000|2.7693918050208595|AMD Ryzen 5 2500U with Radeon Vega Mobile Gfx|4|97|2025-08-28
mp_parser|1000000|2.7876930059865117|AMD Ryzen 5 2500U with Radeon Vega Mobile Gfx|5|97|2025-08-28
mp_parser|1000000|2.655778487009229|AMD Ryzen 5 2500U with Radeon Vega Mobile Gfx|6|97|2025-08-28
mp_parser|1000000|2.463377470005071|AMD Ryzen 5 2500U with Radeon Vega Mobile Gfx|7|97|2025-08-28
mp_parser|1000000|2.471785475005163|AMD Ryzen 5 2500U with Radeon Vega Mobile Gfx|8|97|2025-08-28
single_parser|1000000|5.478626277996227|AMD Ryzen 5 2500U with Radeon Vega Mobile Gfx|1|98|2025-08-28
mp_parser|1000000|6.522103158000391|AMD Ryzen 5 2500U with Radeon Vega Mobile Gfx|1|98|2025-08-28
mp_parser|1000000|3.4754509199992754|AMD Ryzen 5 2500U with Radeon Vega Mobile Gfx|2|98|2025-08-28
mp_parser|1000000|3.1052037610206753|AMD Ryzen 5 2500U with Radeon Vega Mobile Gfx|3|98|2025-08-28
mp_parser|1000000|2.772284103994025|AMD Ryzen 5 2500U with Radeon Vega Mobile Gfx|4|98|2025-08-28
mp_parser|1000000|2.5540429959946778|AMD Ryzen 5 2500U with Radeon Vega Mobile Gfx|5|98|2025-08-28
mp_parser|1000000|2.733973085996695|AMD Ryzen 5 2500U with Radeon Vega Mobile Gfx|6|98|2025-08-28
mp_parser|1000000|2.570057708013337|AMD Ryzen 5 2500U with Radeon Vega Mobile Gfx|7|98|2025-08-28
mp_parser|1000000|2.6361509159905836|AMD Ryzen 5 2500U with Radeon Vega Mobile Gfx|8|98|2025-08-28
single_parser|1000000|5.663976459996775|AMD Ryzen 5 2500U with Radeon Vega Mobile Gfx|1|99|2025-08-28
mp_parser|1000000|6.57828361299471|AMD Ryzen 5 2500U with Radeon Vega Mobile Gfx|1|99|2025-08-28
mp_parser|1000000|3.5691846770059783|AMD Ryzen 5 2500U with Radeon Vega Mobile Gfx|2|99|2025-08-28
mp_parser|1000000|2.8554095510044135|AMD Ryzen 5 2500U with Radeon Vega Mobile Gfx|3|99|2025-08-28
mp_parser|1000000|3.171730688016396|AMD Ryzen 5 2500U with Radeon Vega Mobile Gfx|4|99|2025-08-28
mp_parser|1000000|2.5155798619962297|AMD Ryzen 5 2500U with Radeon Vega Mobile Gfx|5|99|2025-08-28
mp_parser|1000000|2.5521180799987633|AMD Ryzen 5 2500U with Radeon Vega Mobile Gfx|6|99|2025-08-28
mp_parser|1000000|2.4567914349900093|AMD Ryzen 5 2500U with Radeon Vega Mobile Gfx|7|99|2025-08-28
mp_parser|1000000|2.4395600740099326|AMD Ryzen 5 2500U with Radeon Vega Mobile Gfx|8|99|2025-08-28
single_parser|1000000|5.71314232898294|AMD Ryzen 5 2500U with Radeon Vega Mobile Gfx|1|100|2025-08-28
mp_parser|1000000|6.508408039982896|AMD Ryzen 5 2500U with Radeon Vega Mobile Gfx|1|100|2025-08-28
mp_parser|1000000|3.5053792160179|AMD Ryzen 5 2500U with Radeon Vega Mobile Gfx|2|100|2025-08-28
mp_parser|1000000|3.146127499989234|AMD Ryzen 5 2500U with Radeon Vega Mobile Gfx|3|100|2025-08-28
mp_parser|1000000|2.980111412005499|AMD Ryzen 5 2500U with Radeon Vega Mobile Gfx|4|100|2025-08-28
mp_parser|1000000|2.8092218870006036|AMD Ryzen 5 2500U with Radeon Vega Mobile Gfx|5|100|2025-08-28
mp_parser|1000000|2.465108994016191|AMD Ryzen 5 2500U with Radeon Vega Mobile Gfx|6|100|2025-08-28
mp_parser|1000000|2.52388869097922|AMD Ryzen 5 2500U with Radeon Vega Mobile Gfx|7|100|2025-08-28
mp_parser|1000000|2.6204539150057826|AMD Ryzen 5 2500U with Radeon Vega Mobile Gfx|8|100|2025-08-28
